Timestamp,Score,Matric. No:,Level,Department:,Faculty:,Group No:
3/15/2024 17:41:50,20 / 25,236482,100,Microbiology ,Science ,41
3/15/2024 17:42:58,10 / 25,236311,100,Chemistry ,Science ,52
3/15/2024 17:44:39,17 / 25,236391,100,Geology ,Science ,27
3/15/2024 17:45:21,15 / 25,236608,100,Statistics ,Science ,57
3/15/2024 17:45:26,12 / 25,238141,200,Nursing ,Clinical science,43
3/15/2024 17:46:04,10 / 25,237861,100,Chemistry ,Sciences,31
3/15/2024 17:46:12,19 / 25,222040,100,Dental Surgery ,Dentistry ,20
3/15/2024 17:46:15,18 / 25,235206,100,Medicine and surgery,Clinical sciences,36
3/15/2024 17:46:30,21 / 25,236279,100,Chemistry ,Science ,15
3/15/2024 17:46:40,14 / 25,236556,100,Physics,Science,49
3/15/2024 17:46:47,12 / 25,236631,200,Statistics ,Science ,57
3/15/2024 17:46:48,12 / 25,238188,100,Computer Science ,Faculty of science ,16
3/15/2024 17:46:50,16 / 25,237740,100,Environmental Health Science ,Public Health ,25
3/15/2024 17:46:51,23 / 25,235255,100 level,Medicine And Surgery ,Clinical sciences ,37
3/15/2024 17:46:52,22 / 25,235292,100,Medicine and Surgery ,Clinical Sciences ,38
3/15/2024 17:46:55,14 / 25,235086,200,EHS,Public Health ,25
3/15/2024 17:47:11,21 / 25,235279,100,Medicine and Surgery ,Clinical Sciences,Group 37
3/15/2024 17:47:20,20 / 25,236234,100,Botany,Science ,11
3/15/2024 17:47:22,14 / 25,236448,100,Mathematics ,Science ,34
3/15/2024 17:47:31,19 / 25,238207,100,Zoology,Science,group 45
3/15/2024 17:47:32,21 / 25,235064,100,Dental surgery ,Dentistry ,20
3/15/2024 17:47:36,15 / 25,236207,100,Archaeology and Anthropology,Science,Group 2
3/15/2024 17:47:47,17 / 25,236380,200,Geology ,Science ,26
3/15/2024 17:47:50,21 / 25,238140,100,Biomedical Laboratory science ,Basic Medical Science ,7
3/15/2024 17:47:52,14 / 25,237750,100,Human nutrition and dietetics ,Public health ,30
3/15/2024 17:47:53,21 / 25,235077,100,Dental Surgery,Dentistry,20
3/15/2024 17:48:00,23 / 25,235069,100,Dental Surgery,Dentistry,20
3/15/2024 17:48:01,21 / 25,236210,100,Archaeology ,Science ,2
3/15/2024 17:48:07,16 / 25,236559,100,Physics,Science,50
3/15/2024 17:48:16,23 / 25,235397,100,Physiotherapy ,Clinical science ,53
3/15/2024 17:48:17,23 / 25,235403,100,Physiotherapy ,Clinical Sciences ,53
3/15/2024 17:48:19,24 / 25,235193,100,Medicine and Surgery,Clinical sciences,MBBS GES 39/40
3/15/2024 17:48:27,19 / 25,236541,100,Physics ,Science ,50
3/15/2024 17:48:29,22 / 25,235266,100,Medicine and Surgery ,Clinical Sciences ,37
3/15/2024 17:48:33,13 / 25,237786,100,Physiology ,Basic medical sciences ,52
3/15/2024 17:48:33,23 / 25,237761,100,Biomedical laboratory science ,Basic Medical Science ,Group 7
3/15/2024 17:48:33,23 / 25,235291,235291,Medicine and Surgery ,College of Medicine ,36
3/15/2024 17:48:33,18 / 25,235078,100,Dental surgery ,Dentistry ,20
3/15/2024 17:48:35,18 / 25,235378,100,Physiology ,Basic Medical Science ,52
3/15/2024 17:48:35,23 / 25,235148,100,Biomedical laboratory science ,Basic Medical sciences ,7
3/15/2024 17:48:36,21 / 25,235400,100,Physiotherapy ,Clinical Sciences,53
3/15/2024 17:48:36,9 / 25,235027,100,Biochemistry ,Basic medical sciences ,9
3/15/2024 17:48:37,17 / 25,235080,100,Dental surgery ,Dentistry ,20
3/15/2024 17:48:38,20 / 25,235347,100,Physiology ,Basic Medical Sciences ,52
3/15/2024 17:48:39,16 / 25,235251,100,Medicine and Surgery ,Clinical Sciences,36
3/15/2024 17:48:39,24 / 25,235067,100l,Dental surgery ,Dentistry ,20
3/15/2024 17:48:44,20 / 25,238227,100,Physiology ,Basic Medical Sciences ,51
3/15/2024 17:48:44,15 / 25,235154,100,BMLS,BMS,7
3/15/2024 17:48:45,12 / 25,236212,100,Archaeology ,Science ,2
3/15/2024 17:48:45,16 / 25,235072,100,Dental Surgery ,Dentistry ,20
3/15/2024 17:48:46,15 / 25,235782,100,Counselling and Human Development Studies,Education,19
3/15/2024 17:48:47,18 / 25,235126,100lvl,Human Nutrition and dietetics ,Public health ,30
3/15/2024 17:48:47,16 / 25,236481,100,Mathematics,Science,35
3/15/2024 17:48:47,14 / 25,237760,100,MLS,College of medicine,7
3/15/2024 17:48:52,14 / 25,235392,100,Physiotherapy ,Clinical Sciences,53
3/15/2024 17:48:53,18 / 25,230743,100,Dental Surgery,Dentistry,20
3/15/2024 17:48:55,21 / 25,235357,100,PHYSIOLOGY,BASIC MEDICAL SCIENCE ,52
3/15/2024 17:48:55,22 / 25,237424,100,Physiology ,Basic Medical Sciences,52
3/15/2024 17:48:55,16 / 25,238065,100,Biochemistry ,Biochemistry ,9
3/15/2024 17:48:55,12 / 25,235068,100,Dental surgery ,Dentistry ,20
3/15/2024 17:48:56,18 / 25,237439,100,Physiotherapy ,Clinical sciences ,53
3/15/2024 17:48:56,20 / 25,237727,100 level,Biochemistry ,Basic Medical Sciences ,Biochemistry group 2
3/15/2024 17:48:58,20 / 25,235074,100,Dental Surgery ,Dentistry ,20
3/15/2024 17:48:58,15 / 25,235396,100,Physiotherapy ,Clinical sciences ,53
3/15/2024 17:48:58,19 / 25,235162,100l,Biomedical laboratory science ,Basic medical sciences ,7
3/15/2024 17:48:59,19 / 25,238064,100,Biochemistry ,Basic Medical Sciences,8
3/15/2024 17:49:00,24 / 25,237427,100,Physiology ,Basic Medical Sciences,52
3/15/2024 17:49:00,20 / 25,235079,100,Dental surgery ,Dentistry ,Group 20
3/15/2024 17:49:01,16 / 25,236213,100,Archaeology and Anthropology ,Science,2
3/15/2024 17:49:02,15 / 25,235399,100,Physiotherapy ,Clinical Sciences ,53
3/15/2024 17:49:03,18 / 25,237989,100,Dental surgery ,Dentistry ,Group 20
3/15/2024 17:49:03,16 / 25,237735,100,Biochemistry,Basic medical sciences,9
3/15/2024 17:49:04,18 / 25,236273,100,Chemistry ,Science ,13
3/15/2024 17:49:10,14 / 25,235156,100,BIOMEDICAL LABORATORY SCIENCE ,Basic Medical Science ,7
3/15/2024 17:49:10,19 / 25,237374,100,Dental surgery,Dentistry ,20
3/15/2024 17:49:10,16 / 25,230751,100,Biomedical Laboratory science ,Basic medical science ,10
3/15/2024 17:49:10,18 / 25,238179,100,Environmental Health Science ,Public Health ,25
3/15/2024 17:49:10,22 / 25,237738,100,Dental surgery,Dentistry,Group 20
3/15/2024 17:49:10,16 / 25,237791,200,Physiotherapy,Clinical sciences,53
3/15/2024 17:49:15,16 / 25,237983,100,BMLS,Basic Medical Science,10
3/15/2024 17:49:17,22 / 25,235076,100,Dental surgery ,Dentistry ,20
3/15/2024 17:49:18,19 / 25,236203,100,Anthropology ,Science ,2
3/15/2024 17:49:25,16 / 25,235394,100,Physiotherapy,Clinical sciences,53
3/15/2024 17:49:26,22 / 25,235073,100,Dentak surgery ,Dentistry ,20
3/15/2024 17:49:27,18 / 25,236244,100,Botany ,Science ,11
3/15/2024 17:49:27,11 / 25,238199,100,MICROBIOLOGY,SCIENCE,41
3/15/2024 17:49:27,12 / 25,236216,100,Botany ,Science ,11
3/15/2024 17:49:28,17 / 25,236203,100,Archaeology and Anthropology ,Science ,Group number 2
3/15/2024 17:49:28,15 / 25,235350,100,Physiology ,Basic Medical Sciences ,52
3/15/2024 17:49:31,11 / 25,230761,100,Chemistry ,Science ,15
3/15/2024 17:49:31,11 / 25,236200,100,Anthropology ,Science ,Two
3/15/2024 17:49:32,22 / 25,237763,100,MBBS ,Clinical science ,37
3/15/2024 17:49:33,18 / 25,235352,100,PHYSIOLOGY,BASIC MEDICAL SCIENCES ,52
3/15/2024 17:49:35,19 / 25,236570,100,Physics ,Science ,50
3/15/2024 17:49:39,22 / 25,235244,100,Medicine and surgery,Clinical sciences,38
3/15/2024 17:49:40,21 / 25,115471,100,Biochemistry,Science,8
3/15/2024 17:49:40,16 / 25,235065,100,Dental Surgery ,Dentistry ,20
3/15/2024 17:49:42,12 / 25,235070,100,DENTAL SURGERY ,DENTISTRY AND DENTAL SURGERY ,20
3/15/2024 17:49:42,19 / 25,235066,100,Dental surgery ,Dentistry ,20
3/15/2024 17:49:43,21 / 25,235177,100,Medicine and Surgery ,Clinical Science ,37
3/15/2024 17:49:45,17 / 25,237737,100,Dental surgery ,Dentistry,20
3/15/2024 17:49:52,15 / 25,237757,100,Human Nutrition ,Public Health ,1
3/15/2024 17:49:53,19 / 25,235190,100,MBBS ,Clinical sciences,37
3/15/2024 17:49:57,15 / 25,236571,100,Physics,Science,50
3/15/2024 17:50:00,18 / 25,236614,100,Statistics ,Science,57
3/15/2024 17:50:02,17 / 25,235383,100,Physiotherapy ,Clinical science ,53
3/15/2024 17:50:03,19 / 25,236621,100,STATISTICS,SCIENCE,57
3/15/2024 17:50:05,22 / 25,235230,100,MBBS,CLINICAL SCIENCES,36
3/15/2024 17:50:08,23 / 25,236225,100,Botany,Science,11
3/15/2024 17:50:09,20 / 25,235234,100 level ,Medicine and Surgery ,Clinical Sciences ,38
3/15/2024 17:50:09,22 / 25,236341,100,Computer science ,Science ,Group 17
3/15/2024 17:50:10,21 / 25,237867,100,Geology ,Science ,27
3/15/2024 17:50:11,15 / 25,236534,100,Microbiology,Science,42
3/15/2024 17:50:12,18 / 25,235145,100L,Biomedical laboratory Science,Basic Medical Science,10
3/15/2024 17:50:13,15 / 25,235254,100,Medicine and Surgery ,Clinical Sciences ,36
3/15/2024 17:50:13,14 / 25,237736,100,Biochemistry,Basic medical science,9
3/15/2024 17:50:15,23 / 25,235215,100 Level,Medicine and Surgery ,Clinical Sciences ,37
3/15/2024 17:50:16,19 / 25,237431,100,Physiology,Basic Medical Sciences,52
3/15/2024 17:50:16,17 / 25,235157,100,Biomedical laboratory science ,Basic Medical Sciences ,7
3/15/2024 17:50:17,13 / 25,238194,100,Geology,Science,27
3/15/2024 17:50:17,17 / 25,235143,100,Biomedical Laboratory Science,Basic Medical Sciences,10
3/15/2024 17:50:17,22 / 25,237430,100,Physiology ,Basic medical sciences ,52
3/15/2024 17:50:19,14 / 25,235075,100,Dentistry ,Dental Surgery ,20
3/15/2024 17:50:19,17 / 25,237440,100,Physiotherapy ,Clinical Sciences ,53
3/15/2024 17:50:20,17 / 25,235366,100,Physiology ,Basic medical science ,52
3/15/2024 17:50:21,20 / 25,235239,100,Medicine and Surgery ,Clinical sciences,37
3/15/2024 17:50:23,12 / 25,236598,100,Statistics,Science,58
3/15/2024 17:50:26,22 / 25,235343,100,Physiology,Basic medical science,52
3/15/2024 17:50:28,18 / 25,235166,200,BMLS,Basic medical science ,7
3/15/2024 17:50:30,18 / 25,236215,100,Archaeology ,Science ,Group 2
3/15/2024 17:50:30,23 / 25,235217,100 level,Medicine and surgery,Clinical sciences,37
3/15/2024 17:50:31,19 / 25,236209,100,Archaeology ,Science ,2
3/15/2024 17:50:31,5 / 25,238084,100,Archaeology and Anthropology ,Science ,Group 2
3/15/2024 17:50:31,18 / 25,236593,100,Statistics ,Science,57
3/15/2024 17:50:31,15 / 25,235277,100 level ,Medicine and surgery ,Clinical sciences ,37
3/15/2024 17:50:36,10 / 25,231270,100,Physiotherapy ,Clinical Sciences ,53
3/15/2024 17:50:39,15 / 25,236197,100,Anthropology,Science,2
3/15/2024 17:50:41,12 / 25,207437,100,Statistics,Science,58
3/15/2024 17:50:44,15 / 25,236248,100,Botany ,Science ,11
3/15/2024 17:50:45,13 / 25,238262,100,Mathematics ,Science ,34
3/15/2024 17:50:45,21 / 25,237536,100,Geology,Science,26
3/15/2024 17:50:46,12 / 25,205108,200,Physiotherapy ,Clinical science ,53
3/15/2024 17:50:46,15 / 25,236508,100,Microbiology ,Science ,41
3/15/2024 17:50:47,17 / 25,235081,100,DENTAL SURGERY ,DENTISTRY ,20
3/15/2024 17:50:47,16 / 25,237744,100,Environmental Health Sciences ,Public Health ,25
3/15/2024 17:50:48,20 / 25,236204,100,Anthropology ,Science,2
3/15/2024 17:50:49,22 / 25,236230,100,Botany,Science,11
3/15/2024 17:50:50,23 / 25,236232,100,Botany,Science,11
3/15/2024 17:50:51,16 / 25,237526,100,Archaeology ,science ,2
3/15/2024 17:50:54,15 / 25,235165,200,Biomedical Laboratory Science ,Basic medical Sciences ,7
3/15/2024 17:50:56,19 / 25,236242,100,Botany,Science,11
3/15/2024 17:50:56,19 / 25,235369,100,Physiology ,Basic Medical Sciences ,52
3/15/2024 17:50:56,11 / 25,237739,100,Environmental health science ,Public health ,25
3/15/2024 17:50:57,15 / 25,235059,100,Biochemistry,Basic medical sciences,8
3/15/2024 17:50:58,14 / 25,238191,100,Computer science ,Faculty of science ,Group 17
3/15/2024 17:50:58,13 / 25,237395,100,Biomedical Laboratory Science ,Basic Medical Sciences ,10
3/15/2024 17:50:59,21 / 25,237397,100,Biomedical laboratory science ,Basic medical sciences ,10
3/15/2024 17:50:59,14 / 25,236220,100,Botany ,Science ,12
3/15/2024 17:51:00,17 / 25,236463,100,Mathematics ,Science ,35
3/15/2024 17:51:04,19 / 25,235323,100,Nursing ,Clinical science ,44
3/15/2024 17:51:05,19 / 25,236414,100,Chemistry ,Science ,13
3/15/2024 17:51:06,12 / 25,235071,100 level,Dental surgery,Dentistry ,20
3/15/2024 17:51:07,19 / 25,236575,100,Physics ,Science ,50
3/15/2024 17:51:09,17 / 25,235063,100,Dental surgery ,Dentistry ,20
3/15/2024 17:51:10,23 / 25,235332,100,Nursing ,Clinical Sciences ,43
3/15/2024 17:51:13,23 / 25,237781,100,Physiology,Basic medical science,51
3/15/2024 17:51:14,14 / 25,235155,200,BIOMEDICAL LABORATORY SCIENCE ,BASIC MEDICAL SCIENCES ,GROUP 7
3/15/2024 17:51:14,14 / 25,235034,100,Biochemistry,Basic Medical Sciences ,8
3/15/2024 17:51:15,19 / 25,237370,100,Biochemistry ,Basic medical science ,8
3/15/2024 17:51:16,16 / 25,238014,100,Environmental Health sciences ,Public health ,25
3/15/2024 17:51:16,24 / 25,235184,100,Medicine and surgery ,Clinical sciences ,37
3/15/2024 17:51:18,19 / 25,237866,100,Geography ,Sciences ,27
3/15/2024 17:51:19,17 / 25,235212,200,MBBS,Clinical sciences ,36
3/15/2024 17:51:21,20 / 25,235282,100,Medicine and Surgery ,Clinical Sciences ,37
3/15/2024 17:51:22,22 / 25,235346,100,PHYSIOLOGY ,BASIC MEDICAL SCIENCES ,52
3/15/2024 17:51:23,17 / 25,236255,100,Botany,Science ,11
3/15/2024 17:51:24,15 / 25,236345,100,Computer science ,Science ,17
3/15/2024 17:51:26,13 / 25,235404,100,PHYSIOTHERAPY ,Clinical science ,53
3/15/2024 17:51:29,19 / 25,237880,100,Microbiology ,Science,42
3/15/2024 17:51:29,13 / 25,237441,100,Physiotherapy ,Clinical sciences ,53
3/15/2024 17:51:30,21 / 25,221934,100,Biochemistry ,Basic Medical Science ,Group 9 
3/15/2024 17:51:31,21 / 25,238144,100,Physiotherapy,Clinical science,53
3/15/2024 17:51:32,20 / 25,238145,100,Physiotherapy ,Clinical science ,53
3/15/2024 17:51:37,17 / 25,235144,100,Biomedical Laboratory Science,Basic Medical Sciences,Group 10
3/15/2024 17:51:38,20 / 25,235302,100,Nursing ,Clinical Sciences ,43
3/15/2024 17:51:38,18 / 25,237434,100lv,Physiology ,Basic medical science ,52
3/15/2024 17:51:39,22 / 25,236340,100,Computer Science ,Science ,17
3/15/2024 17:51:39,16 / 25,236646,100,Zoology ,Sciences,Group 45
3/15/2024 17:51:40,11 / 25,235153,100L,BMLS,Basic medical science 7,7
3/15/2024 17:51:43,16 / 25,236307,100,Chemistry ,Science,15
3/15/2024 17:51:44,15 / 25,235048,100,Biochemistry ,Basic medical science ,9
3/15/2024 17:51:44,12 / 25,237435,100,Physiology ,Basic Medical science ,Group 52
3/15/2024 17:51:45,17 / 25,235328,100,Nursing ,Clinical sciences ,43
3/15/2024 17:51:47,18 / 25,238143,100,Physiotherapy,Clinical Science,53
3/15/2024 17:51:50,22 / 25,236636,100L,STATISTICS,SCIENCE,GROUP 58
3/15/2024 17:51:52,22 / 25,235151,100,Biomedical Lab science ,Basic medical Laboratory sciences ,7
3/15/2024 17:51:53,10 / 25,238429,100,Physiology,Basic medical sciences,51
3/15/2024 17:51:53,14 / 25,235152,100,Biomedical Laboratory Science ,Basic Medical Sciences ,7
3/15/2024 17:51:56,22 / 25,235196,100,Medicine and Surgery ,Clinical Sciences ,37
3/15/2024 17:51:58,16 / 25,235164,100,BioMedical Laboratory Science ,Basic Medical Sciences ,7
3/15/2024 17:51:59,21 / 25,235139,100,Human nutrition ,Public Health ,31
3/15/2024 17:51:59,21 / 25,235192,100,Medicine and surgery,Clinical sciences,38
3/15/2024 17:51:59,19 / 25,236370,100,Geography ,Sciences,27
3/15/2024 17:51:59,23 / 25,235327,100,Nursing ,Clinical sciences ,43
3/15/2024 17:51:59,12 / 25,236312,100,Chemistry,Science,15
3/15/2024 17:52:00,15 / 25,237393,100,Human nutrition and dietetics ,Public health ,Group 31
3/15/2024 17:52:00,15 / 25,236272,100,Chemistry ,Science ,52
3/15/2024 17:52:01,17 / 25,235037,100,Biochemistry ,Basic medical science ,8
3/15/2024 17:52:01,15 / 25,236198,100,Anthropology ,Science ,Group 2
3/15/2024 17:52:04,21 / 25,237397,100,Biomedical laboratory science ,Basic medical sciences ,10
3/15/2024 17:52:05,21 / 25,236581,100,Physics,Science,50
3/15/2024 17:52:06,15 / 25,237988,200,Nursing ,Clinical Sciences ,43
3/15/2024 17:52:09,22 / 25,230788,100,Medicine and surgery ,Clinical Sciences ,36
3/15/2024 17:52:10,16 / 25,235142,100,Biomedical Laboratory Science ,Basic Medical Science ,10
3/15/2024 17:52:11,14 / 25,236229,100,Botany,Science,11
3/15/2024 17:52:14,15 / 25,236657,100,Zoology ,Science ,45
3/15/2024 17:52:14,19 / 25,235257,100,Medicine and surgery ,Clinical science ,37
3/15/2024 17:52:14,16 / 25,236326,100,Computer Science,Science,17
3/15/2024 17:52:16,19 / 25,236522,100,Microbiology,Science,42
3/15/2024 17:52:17,18 / 25,236222,100,Botany,Science,12
3/15/2024 17:52:17,18 / 25,236346,100,Computer Science ,Science ,17
3/15/2024 17:52:19,19 / 25,235387,100,Physiotherapy ,Clinical Sciences ,53
3/15/2024 17:52:20,17 / 25,237398,100,BioMedical Laboratory Science ,Basic Medical Sciences ,10
3/15/2024 17:52:20,21 / 25,236613,100,Statistics ,Science ,Group 58
3/15/2024 17:52:21,14 / 25,238184,100,Chemistry ,Science ,Group 15
3/15/2024 17:52:21,21 / 25,236531,100,Microbiology ,Science ,41
3/15/2024 17:52:22,23 / 25,238088,100,Chemistry ,Science ,15
3/15/2024 17:52:22,16 / 25,235390,100,Physiotherapy ,Clinical science ,53
3/15/2024 17:52:23,17 / 25,235113,100,Human Nutrition and Dietetics ,Public health ,30
3/15/2024 17:52:23,22 / 25,235194,100,Medicine and Surgery,Clinical Sciences,37
3/15/2024 17:52:24,23 / 25,236219,100,BOTANY,Science,11
3/15/2024 17:52:24,19 / 25,236247,100,Botany,Science,11
3/15/2024 17:52:26,22 / 25,236548,100,Physics ,Science ,50
3/15/2024 17:52:27,12 / 25,235367,100,Physiology ,Basic Medical Sciences,52
3/15/2024 17:52:27,18 / 25,236329,100,Computer science ,Science ,16
3/15/2024 17:52:27,20 / 25,237765,100,Medicine and Surgery ,Clinical sciences ,36
3/15/2024 17:52:28,18 / 25,235220,100,Mbbs,Clinical science,36
3/15/2024 17:52:30,8 / 25,237863,200,computer science,science,16
3/15/2024 17:52:30,14 / 25,235062,100,Biochemistry ,Basic Medical Sciences ,8
3/15/2024 17:52:30,22 / 25,236334,100,Computer science ,Science,17
3/15/2024 17:52:31,22 / 25,236620,100,Statistics ,Science ,58
3/15/2024 17:52:32,18 / 25,236332,100,Computer science ,Science ,17
3/15/2024 17:52:32,16 / 25,237412,100,Medicine and Surgery ,Clinical Sciences ,38
3/15/2024 17:52:32,19 / 25,237417,100,Nursing ,Clinical Sciences ,43
3/15/2024 17:52:32,16 / 25,237392,100,Human Nutrition and Dietetics,Public Health,Group 31
3/15/2024 17:52:32,17 / 25,236315,200,Computer science ,Science ,17
3/15/2024 17:52:33,21 / 25,126701,800,English ,Arts,44
3/15/2024 17:52:33,19 / 25,236306,100,Chemistry ,Science ,52
3/15/2024 17:52:35,20 / 25,237858,100,Botany,Science ,11
3/15/2024 17:52:37,17 / 25,238025,100,Geology,Science,27
3/15/2024 17:52:38,17 / 25,236256,100,Botany ,Science ,12
3/15/2024 17:52:39,24 / 25,236515,100,Microbiology,Science,42
3/15/2024 17:52:40,15 / 25,237388,100,Human nuitrition and dietetics ,public health ,30
3/15/2024 17:52:40,18 / 25,237788,100,Physiology ,Basic Medical Science ,51
3/15/2024 17:52:41,16 / 25,235163,100,Biomedical Laboratory Science,Basic Medical Sciences,Group 10
3/15/2024 17:52:41,22 / 25,237418,100 level,Nursing science ,Clinical Sciences,44
3/15/2024 17:52:42,14 / 25,237733,100,Biochemistry,Basic medical sciences,2
3/15/2024 17:52:43,12 / 25,236245,100,Botany ,Science ,12
3/15/2024 17:52:43,19 / 25,235333,100,Nursing,Clinical science ,44
3/15/2024 17:52:44,21 / 25,237772,100,Nursing,Clinical Sciences,Group 43
3/15/2024 17:52:44,22 / 25,236335,100 lv,Computer science ,Sciences,17
3/15/2024 17:52:44,14 / 25,237438,100,Physiotherapy ,Clinical science ,53
3/15/2024 17:52:45,20 / 25,235118,100,Human Nutrition and Dietetics,Public Health,31
3/15/2024 17:52:46,13 / 25,235106,100,Human nutrition and dietetics ,Public health ,30
3/15/2024 17:52:47,23 / 25,235123,100,Human nutrition and dietetics ,Public Health ,30
3/15/2024 17:52:48,17 / 25,236331,100,Computer Science ,Science ,17
3/15/2024 17:52:48,19 / 25,237399,100,Biomedical Laboratory Science ,Basic Medical sciences ,10
3/15/2024 17:52:48,21 / 25,237767,100,Medicine and Surgery ,Clinical Sciences ,36
3/15/2024 17:52:50,19 / 25,235132,100,Human nutrition and dietetics ,Public health ,31
3/15/2024 17:52:51,19 / 25,236367,100 level ,Geography department ,Faculty of science ,Group 27
3/15/2024 17:52:51,17 / 25,236578,100,Physics,Science,49
3/15/2024 17:52:52,21 / 25,235278,100,Medicine and Surgery,Clinical Sciences ,39/40
3/15/2024 17:52:52,16 / 25,236354,100,Computer Science ,SCIENCE ,No. 17
3/15/2024 17:52:52,21 / 25,236585,100,Physics ,Science,50
3/15/2024 17:52:53,21 / 25,237539,100,Mathematics ,Science ,35
3/15/2024 17:52:53,12 / 25,236540,100,Physics,Science,50
3/15/2024 17:52:54,14 / 25,235380,100,Physiology,Basic medical sciences,Group 52
3/15/2024 17:52:54,23 / 25,235320,100,Nursing Science,Clinical science,Group 44
3/15/2024 17:52:55,21 / 25,236518,100,Microbiology ,Science,41
3/15/2024 17:52:57,17 / 25,237478,100,CHDS,Education,19
3/15/2024 17:52:57,24 / 25,237405,100,MBBS,Clinical Science ,36
3/15/2024 17:52:58,17 / 25,235402,100,Physiotherapy ,Clinical sciences ,53
3/15/2024 17:52:58,21 / 25,235335,100level,Nursing ,Clinical science ,43
3/15/2024 17:52:59,19 / 25,235337,100 level,Physiology,Basic medical science,Group 51
3/15/2024 17:52:59,22 / 25,235316,100,Nursing ,Clinical ,43
3/15/2024 17:52:59,15 / 25,236311,100,Chemistry ,Science ,52
3/15/2024 17:53:00,20 / 25,235099,100,HUMAN NUTRITION AND DIETETICS,PUBLIC HEALTH,30
3/15/2024 17:53:00,22 / 25,235103,100,Human Nutrition,Public Health,30
3/15/2024 17:53:01,8 / 25,235160,,BMLS,Basic medical science ,10
3/15/2024 17:53:01,17 / 25,235146,100,Biomedical laboratory science ,Basic medical sciences ,Group 10
3/15/2024 17:53:02,23 / 25,237762,100,Medicine and Surgery,Clinical Sciences,36
3/15/2024 17:53:02,20 / 25,236416,100,CHEMISTRY ,SCIENCE ,15
3/15/2024 17:53:02,18 / 25,235137,100,Human nutrition and dietetics ,Public health ,31
3/15/2024 17:53:03,18 / 25,236602,100,Statistics ,Science ,58
3/15/2024 17:53:03,13 / 25,231265,200,Dental Surgery ,Dentistry ,20
3/15/2024 17:53:03,20 / 25,235384,100,Physiotherapy ,Clinical sciences ,53
3/15/2024 17:53:04,24 / 25,237527,100,Botany,Science,11
3/15/2024 17:53:04,18 / 25,236368,100,Geography ,Science ,27
3/15/2024 17:53:05,15 / 25,237548,100,STATISTICS ,SCIENCE ,57
3/15/2024 17:53:06,18 / 25,235200,100,Medicine and Surgery ,Clinical Sciences,37
3/15/2024 17:53:06,14 / 25,238085,100,Anthropology,Science,Group 2
3/15/2024 17:53:06,21 / 25,236592,100,Statistics,Faculty,58
3/15/2024 17:53:07,23 / 25,238178,100,Environmental Health Science,Public Health,25
3/15/2024 17:53:07,20 / 25,236587,100,Statistics ,Science ,57
3/15/2024 17:53:07,16 / 25,235393,100,Physiotherapy,Clinical Sciences,235393
3/15/2024 17:53:07,14 / 25,236369,100,Geography ,Science ,27
3/15/2024 17:53:08,23 / 25,235023,100,Biochemistry ,Basic Medical Sciences ,8
3/15/2024 17:53:08,15 / 25,236356,100,Computer science ,Science,16
3/15/2024 17:53:09,18 / 25,236322,100,Computer Science,Science,16
3/15/2024 17:53:11,15 / 25,235368,100l,Physiology ,Basic medical sciences ,51
3/15/2024 17:53:11,12 / 25,236526,100,Microbiology,Science,42
3/15/2024 17:53:11,22 / 25,235372,100,Physiology ,Basic Medical Science ,Group 52
3/15/2024 17:53:12,15 / 25,236253,100,Botany,Science ,Group 11
3/15/2024 17:53:13,21 / 25,235108,100L,Human Nutrition And Dietetics ,Public health ,31
3/15/2024 17:53:13,17 / 25,236432,100,Mathematics ,Science ,35
3/15/2024 17:53:14,21 / 25,236381,100,Geology ,Science ,27
3/15/2024 17:53:14,19 / 25,237780,100,Physiology ,Basic Medical sciences,52
3/15/2024 17:53:14,20 / 25,236499,100,Microbiology ,Science ,42
3/15/2024 17:53:14,21 / 25,237865,200,Computer Science,Science,16
3/15/2024 17:53:15,21 / 25,235136,100,Human nutrition and dietetics ,Public health ,31
3/15/2024 17:53:15,19 / 25,236600,100,Statistics ,Science ,58
3/15/2024 17:53:15,21 / 25,236392,100,Geology ,Science ,27
3/15/2024 17:53:15,20 / 25,235348,100,PHYSIOLOGY ,BASIC MEDICAL SCIENCES ,52
3/15/2024 17:53:16,18 / 25,216049,400,Archaeology,Science,2
3/15/2024 17:53:16,21 / 25,236650,100,Zoology ,Science ,45
3/15/2024 17:53:16,14 / 25,236217,100,BOTANY,SCIENCE,GROUP 12
3/15/2024 17:53:17,21 / 25,235312,100,Nursing,Clinical sciences ,44
3/15/2024 17:53:17,15 / 25,235351,100L,Physiology ,Basic Medical Science ,52
3/15/2024 17:53:18,19 / 25,238027,100,Mathematics ,Science ,1
3/15/2024 17:53:18,15 / 25,238030,100,Zoology,Faculty of science ,45
3/15/2024 17:53:18,17 / 25,236304,100,Chemistry,Science,Group 52
3/15/2024 17:53:18,12 / 25,237885,100,Zoology,Science ,45
3/15/2024 17:53:18,12 / 25,238201,200,microbiology ,science ,41
3/15/2024 17:53:18,18 / 25,237764,100,Medicine and Surgery,Clinical Sciences,37
3/15/2024 17:53:19,21 / 25,236629,100,Statistics ,Science ,58
3/15/2024 17:53:20,20 / 25,235360,100,Physiology ,Basic medical sciences ,51
3/15/2024 17:53:21,20 / 25,236271,100,Chemistry ,Science ,52
3/15/2024 17:53:22,14 / 25,236201,100,Anthropology ,Science ,2
3/15/2024 17:53:23,17 / 25,236490,100,Microbiology ,Science,41
3/15/2024 17:53:23,14 / 25,236501,100,Microbiology ,Science ,42
3/15/2024 17:53:23,19 / 25,236408,100,Industrial chemistry,Science,52
3/15/2024 17:53:24,14 / 25,235270,100,Medicine and surgery ,Clinical science ,37
3/15/2024 17:53:24,16 / 25,235395,100,Physiotherapy ,Clinical sciences ,53
3/15/2024 17:53:25,19 / 25,235355,100,Physiology ,Basic medical sciences,52
3/15/2024 17:53:25,22 / 25,235295,100,MBBS ,Clinical Sciences ,38
3/15/2024 17:53:26,21 / 25,238196,100,Geology ,Science ,26
3/15/2024 17:53:26,0 / 25,238191,100,Computer science ,Science ,17
3/15/2024 17:53:27,17 / 25,235117,100,Human Nutrition and Dietetics,Public Health,Group 31
3/15/2024 17:53:27,12 / 25,236294,100,Chemistry ,Science ,15
3/15/2024 17:53:27,17 / 25,237387,100,Human Nutrition and dietetics ,Public Health ,31
3/15/2024 17:53:28,15 / 25,236609,100,Statistics ,Science ,57
3/15/2024 17:53:28,23 / 25,237754,100,Human nutrition and dietetics ,Public health ,31
3/15/2024 17:53:29,20 / 25,236205,100level,Archaeology and Anthropology ,Science ,2
3/15/2024 17:53:30,17 / 25,235274,100,MEDICINE AND SURGERY ,Clinical Sciences ,36
3/15/2024 17:53:31,15 / 25,237855,100,Anthropology science ,Science ,2
3/15/2024 17:53:32,15 / 25,235363,100,physiology,Basic medical sciences,52
3/15/2024 17:53:33,21 / 25,235317,100,Nursing Science ,Clinical Sciences ,44
3/15/2024 17:53:33,17 / 25,237433,100,Physiology,Basic Medical Science,Group 52
3/15/2024 17:53:34,16 / 25,230941,200,Physiotherapy ,Clinical science ,53
3/15/2024 17:53:34,16 / 25,237882,100,Microbiology,Science,42
3/15/2024 17:53:34,12 / 25,236532,100,Microbiology,Science,41
3/15/2024 17:53:35,19 / 25,237869,100,Industrial chemistry ,Science ,62
3/15/2024 17:53:36,11 / 25,237375,100,Dental surgery ,Dentistry ,20
3/15/2024 17:53:36,12 / 25,236372,,Geology,Science,Group 26
3/15/2024 17:53:36,22 / 25,237410,100,MBBS ,Clinical Science ,37
3/15/2024 17:53:36,12 / 25,236398,100,Geology,Science,26
3/15/2024 17:53:37,16 / 25,235271,100,Medicine and Surgery ,Clinical Sciences ,38
3/15/2024 17:53:37,23 / 25,235368,100,Physiology,Basic Medical Sciences ,52
3/15/2024 17:53:38,19 / 25,235306,100,Nursing ,Clinical Science ,43
3/15/2024 17:53:38,19 / 25,235179,100,Medicine and surgery ,Clinical sciences ,36
3/15/2024 17:53:38,22 / 25,230615,100,Nursing ,Clinical sciences ,Group number 44
3/15/2024 17:53:38,21 / 25,235056,100,Geology ,Science ,26
3/15/2024 17:53:39,19 / 25,235354,100,Physiology ,Basic Medical Science ,52
3/15/2024 17:53:39,24 / 25,236489,100,Microbiology,Science,42
3/15/2024 17:53:39,20 / 25,236603,100,STATISTICS ,SCIENCE ,58
3/15/2024 17:53:39,21 / 25,235359,100,Physiology ,Basic Medical Sciences ,Group 52
3/15/2024 17:53:39,20 / 25,235338,100,Physiology ,Basic Medical Sciences ,52
3/15/2024 17:53:40,10 / 25,236529,100,Microbiology,Science,42
3/15/2024 17:53:40,17 / 25,236286,100,Chemistry,Science,52
3/15/2024 17:53:41,13 / 25,237383,100,Environmental health science ,Public health ,25
3/15/2024 17:53:42,16 / 25,235150,200,BIOMEDICAL LABORATORY SCIENCE,BASIC MEDICAL SCIENCES,7
3/15/2024 17:53:43,21 / 25,235284,100,MBBS,Clinical science ,36
3/15/2024 17:53:43,22 / 25,235121,100,Human Nutrition And Dietetics ,Public Health ,31
3/15/2024 17:53:43,21 / 25,235214,100,Medicine and surgery ,Clinical Sciences ,38
3/15/2024 17:53:44,20 / 25,236506,100L,Microbiology ,Science ,42
3/15/2024 17:53:44,21 / 25,236208,100,Archaeology department,Science,2
3/15/2024 17:53:44,16 / 25,235195,100 level,Medicine and surgery ,Clinical sciences ,37
3/15/2024 17:53:46,15 / 25,237857,100,Botany ,Science ,12
3/15/2024 17:53:47,15 / 25,235178,100,Medicine And Surgery ,Clinical sciences ,37
3/15/2024 17:53:47,16 / 25,235109,100level,Human nutrition and dietetics,Public health,30
3/15/2024 17:53:47,14 / 25,237758,100,Human Nutrition and Dietetics,Public health,30
3/15/2024 17:53:47,17 / 25,238142,100,Nursing,Clinical science,43
3/15/2024 17:53:48,14 / 25,237540,100,Mathematics ,Science ,34
3/15/2024 17:53:49,16 / 25,236438,100,Mathematics ,Science ,Group 1
3/15/2024 17:53:50,10 / 25,235061,100,Chemistry ,Science ,16
3/15/2024 17:53:50,16 / 25,236351,100,Computer Science ,Science,16
3/15/2024 17:53:51,13 / 25,238029,100,Zoology ,Science ,45
3/15/2024 17:53:52,18 / 25,237401,100,Medicine and surgery ,Clinical sciences ,37
3/15/2024 17:53:53,16 / 25,237386,100,Human nutrition & dietetics ,Public Health,30
3/15/2024 17:53:54,16 / 25,236440,100,Mathematics ,Science ,35
3/15/2024 17:53:54,18 / 25,236644,100,Zoology,Science,45
3/15/2024 17:53:55,16 / 25,236647,100,Zoology,Science,45
3/15/2024 17:53:55,23 / 25,235290,100,Medicine and Surgery ,Clinical science ,Group 36
3/15/2024 17:53:57,20 / 25,235232,100,Medicine ,Clinical Science ,37
3/15/2024 17:53:57,15 / 25,235219,200,Medicine and Surgery ,Clinical Sciences ,Group 38
3/15/2024 17:53:57,20 / 25,235127,100,Human Nutrition and Dietetics ,Public Health ,Group 30
3/15/2024 17:53:58,17 / 25,237871,100,INDUSTRIAL Chemistry ,Science ,13
3/15/2024 17:53:59,24 / 25,235021,100,Biochemistry ,Basic medical science ,9
3/15/2024 17:54:00,22 / 25,237770,100,Nursing,Clinical Sciences,43
3/15/2024 17:54:00,20 / 25,235315,100,Nursing,Clinical science,44
3/15/2024 17:54:00,19 / 25,235084,100,Environnemental health science,Public Health,25
3/15/2024 17:54:01,19 / 25,236283,100,Chemistry,Science,52
3/15/2024 17:54:02,16 / 25,235183,100L,Medicine and Surgery ,Clinical science ,37
3/15/2024 17:54:02,14 / 25,236616,100,Statistics ,Sciences ,57
3/15/2024 17:54:02,19 / 25,236378,100,Geology ,Science ,27
3/15/2024 17:54:03,16 / 25,237731,100,Biochemistry ,Basic Medical Sciences ,Group 8
3/15/2024 17:54:03,21 / 25,235051,100,Biochemistry ,Basic medical science ,9
3/15/2024 17:54:03,19 / 25,235134,100,Human Nutrition and dietetics ,Public Health ,31
3/15/2024 17:54:03,15 / 25,238082,100,Human nutrition and dietetics ,Public health ,31
3/15/2024 17:54:03,22 / 25,237771,100,Nursing Science,Clinical Sciences,Group 44
3/15/2024 17:54:04,21 / 25,235060,100,Biochemistry ,Basic medical science ,9
3/15/2024 17:54:04,16 / 25,236573,200,Physics,Science,49
3/15/2024 17:54:04,13 / 25,236238,100,Botany ,Science ,12
3/15/2024 17:54:05,19 / 25,237369,100,Biochemistry ,Basic Medical Sciences,1
3/15/2024 17:54:05,19 / 25,238206,100,Statistics ,Science ,57
3/15/2024 17:54:05,17 / 25,236645,100,Zoology ,Science ,45
3/15/2024 17:54:05,24 / 25,235330,100,Nursing Science ,Clinical sciences ,44
3/15/2024 17:54:05,18 / 25,236443,100,Mathematics ,Science ,35
3/15/2024 17:54:06,18 / 25,236626,100,STATISTICS ,SCIENCE ,58
3/15/2024 17:54:06,23 / 25,235104,100,Human Nutrition and Dietetics ,Public Health,30
3/15/2024 17:54:07,21 / 25,236589,200,STATISTICS,SCIENCE,57
3/15/2024 17:54:07,18 / 25,238015,100 level ,Human Nutrition and Dietetics ,Public Health ,31
3/15/2024 17:54:08,23 / 25,236224,100,Botany,Science ,11
3/15/2024 17:54:08,15 / 25,236263,100,Chemistry ,Science ,Group 13
3/15/2024 17:54:08,15 / 25,238205,200,Statistics ,Science ,57
3/15/2024 17:54:08,18 / 25,236218,100,Botany,Science ,11
3/15/2024 17:54:08,22 / 25,235110,100,Human nutrition and dietetics ,Public Health ,31
3/15/2024 17:54:09,13 / 25,236465,100,Mathematics,Science,32
3/15/2024 17:54:09,15 / 25,236618,100,Statistics ,Science ,58
3/15/2024 17:54:09,14 / 25,237759,100,Human nutrition and dietetics ,Public health,30
3/15/2024 17:54:10,23 / 25,235249,100 Level,Medicine and Surgery ,Clinical Sciences,38
3/15/2024 17:54:10,22 / 25,235221,100,Medicine and Surgery ,Clinical Sciences,Group 38
3/15/2024 17:54:10,18 / 25,236297,100,Chemistry ,Science ,52
3/15/2024 17:54:10,20 / 25,237416,100,Nursing ,Clinical Sciences ,43
3/15/2024 17:54:10,17 / 25,236453,100,Mathematics ,Science ,35
3/15/2024 17:54:10,15 / 25,236409,100,Industrial chemistry ,Science ,13
3/15/2024 17:54:11,18 / 25,237774,100,Nursing ,Clinical science ,43
3/15/2024 17:54:11,20 / 25,235197,100,medicine and surgery,clinical sciences,38
3/15/2024 17:54:11,19 / 25,235182,100,Medicine and Surgery ,Clinical Sciences ,38
3/15/2024 17:54:11,22 / 25,235231,100,Medicine and Surgery ,Clinical Sciences ,38
3/15/2024 17:54:12,19 / 25,235022,100,BIOCHEMISTRY ,BASIC MEDICAL SCIENCES,GROUP 8
3/15/2024 17:54:12,15 / 25,236276,100,Chemistry ,Science ,3
3/15/2024 17:54:12,16 / 25,236639,200,Statistics ,Science ,57
3/15/2024 17:54:12,11 / 25,238180,100,Human Nutrition and Dietetics ,Public Health ,31
3/15/2024 17:54:12,15 / 25,237358,100,Human Nutrition and Dietetics,Public Health,31
3/15/2024 17:54:12,11 / 25,236425,100,Chemistry,Science,52
3/15/2024 17:54:13,21 / 25,237531,100,Computer Science,Science,17
3/15/2024 17:54:13,23 / 25,236364,100,Computer science,Science,16
3/15/2024 17:54:13,16 / 25,236591,100,Statistics ,Science ,58
3/15/2024 17:54:14,17 / 25,236665,100,Zoology,Science,45
3/15/2024 17:54:14,21 / 25,235033,100,Biochemistry ,Basic Medical Sciences ,Group 8
3/15/2024 17:54:14,19 / 25,235209,100,Medicine and Surgery ,Clinical Sciences ,38
3/15/2024 17:54:14,19 / 25,235167,200,Medicine and Surgery ,Clinical sciences ,38
3/15/2024 17:54:14,19 / 25,235124,100,Human nutrition and dietetics,Public health,30
3/15/2024 17:54:14,21 / 25,235269,100 level,Medicine and surgery,Clinical sciences,39/40
3/15/2024 17:54:15,24 / 25,235107,100 level ,Human nutrition and dietetics,Public health,Group 31
3/15/2024 17:54:16,13 / 25,236660,100,Zoology ,Science ,45
3/15/2024 17:54:16,18 / 25,235058,100,Biochemistry ,Basic medical solutions ,Group 8
3/15/2024 17:54:16,15 / 25,236385,200,Geology ,Science,27
3/15/2024 17:54:16,9 / 25,236451,100,Mathematics ,Science ,34
3/15/2024 17:54:16,19 / 25,236484,100,Microbiology,Science,41
3/15/2024 17:54:16,22 / 25,238021,100,Computer science ,Science ,17
3/15/2024 17:54:16,14 / 25,235122,200,HUMAN NUTRITION AND DIETETICS ,PUBLIC HEALTH ,31
3/15/2024 17:54:16,18 / 25,236497,100,Microbiology ,Science,41
3/15/2024 17:54:16,20 / 25,235305,100,Nursing ,Clinical science ,43
3/15/2024 17:54:17,16 / 25,236625,100,Statistics ,Science ,58
3/15/2024 17:54:17,18 / 25,236466,100,Mathematics ,Science ,35
3/15/2024 17:54:17,19 / 25,236488,100,Microbiology ,Science ,41
3/15/2024 17:54:18,20 / 25,236324,100,Computer science ,Science,16
3/15/2024 17:54:19,19 / 25,236313,100,Computer science ,Science ,16
3/15/2024 17:54:19,14 / 25,236514,100,MICROBIOLOGY,Science,41
3/15/2024 17:54:20,23 / 25,235308,100 level,Nursing science,Clinical sciences,Group 44
3/15/2024 17:54:20,18 / 25,237547,100,Statistics ,Science ,58
3/15/2024 17:54:20,23 / 25,237790,100,Physiology,Basic medical sciences,52
3/15/2024 17:54:21,19 / 25,235141,100,Human nutrition and dietetics ,Public Health ,31
3/15/2024 17:54:21,19 / 25,236358,100 level ,Computer Science ,Science ,Group 16
3/15/2024 17:54:21,18 / 25,236352,100L,Computer science ,Science,17
3/15/2024 17:54:21,17 / 25,235112,100,Human nutrition and dietetics ,Public health ,30
3/15/2024 17:54:22,14 / 25,236417,100,Chemistry ,Science ,3
3/15/2024 17:54:22,12 / 25,236206,100,Anthropology ,Science ,2
3/15/2024 17:54:22,15 / 25,237755,100,Human nutrition and dietetics ,Public health ,30
3/15/2024 17:54:22,21 / 25,235092,100,Environmental Health Science ,Public Health ,25
3/15/2024 17:54:22,14 / 25,237730,100,BIOCHEMISTRY ,BASIC MEDICAL SCIENCES ,8
3/15/2024 17:54:22,20 / 25,235228,200 Level ,Medicine and Surgery (MBBS),College of Medicine ,Group 38
3/15/2024 17:54:22,13 / 25,237533,100,Computer Science ,Science ,17
3/15/2024 17:54:23,14 / 25,236648,100,Zoology ,Science ,Group 45
3/15/2024 17:54:23,12 / 25,238090,100,Geology ,Science ,27
3/15/2024 17:54:23,20 / 25,238195,100,Geology,Science,27
3/15/2024 17:54:24,19 / 25,235213,100,MEDICINE AND SURGERY ,COLLEGE OF MEDICINE ,38
3/15/2024 17:54:24,23 / 25,235102,100,Human nutrition and dietetics,Public health,31
3/15/2024 17:54:25,19 / 25,235211,100,Medicine and surgery ,Clinical sciences ,38
3/15/2024 17:54:25,10 / 25,236596,100,Statistics ,Science ,57
3/15/2024 17:54:25,14 / 25,236339,100,Computer science ,Science ,16
3/15/2024 17:54:25,17 / 25,237751,100l ,Human nutrition and dietetics ,Public health ,Group 30
3/15/2024 17:54:26,19 / 25,237752,100,Human nutrition and dietetics ,Public health ,30
3/15/2024 17:54:26,18 / 25,229139,100,Biochemistry ,Basic Medical Sciences ,8
3/15/2024 17:54:26,16 / 25,236492,100,Microbiology ,Science ,41
3/15/2024 17:54:26,11 / 25,235131,100,Human nutrition and dietetics ,Public health ,Group 31
3/15/2024 17:54:27,18 / 25,236445,100 level ,Mathematics ,Science ,35
3/15/2024 17:54:27,9 / 25,238185,100,Chemistry ,Science ,13
3/15/2024 17:54:27,12 / 25,236435,100,Mathematics ,Science ,35
3/15/2024 17:54:27,21 / 25,236375,100,Geology ,Science,27
3/15/2024 17:54:27,18 / 25,237773,100,Nursing Science ,Clinical Sciences ,Group 43
3/15/2024 17:54:28,15 / 25,236464,100,Mathematics ,Science ,35
3/15/2024 17:54:28,21 / 25,237408,100,Medicine and Surgery ,Clinical Sciences,39/40
3/15/2024 17:54:28,21 / 25,235321,100,Nursing Science ,Clinical sciences ,43
3/15/2024 17:54:28,18 / 25,235272,100lvl,Medicine and Surgery ,Clinical Sciences ,39
3/15/2024 17:54:28,14 / 25,236330,100L,Computer Science ,Science ,17
3/15/2024 17:54:29,21 / 25,235204,100,Medicine and surgery ,Clinical sciences ,39
3/15/2024 17:54:29,23 / 25,235300,100,Nursing Science ,Clinical sciences ,Group 43
3/15/2024 17:54:30,17 / 25,237373,100,Biochemistry ,Basic Medical Sciences ,Group 8
3/15/2024 17:54:31,17 / 25,235039,100L,Biochemistry ,Basic Medical Sciences ,No. 8
3/15/2024 17:54:31,18 / 25,235082,100,Environmental health science ,Public health ,25
3/15/2024 17:54:31,21 / 25,235105,100,Human Nutrition and Dietetics ,Public Health ,31
3/15/2024 17:54:31,22 / 25,235246,100,Medicine and Surgery,Clinical sciences,39/40
3/15/2024 17:54:32,11 / 25,236536,100,Physics ,Science,50
3/15/2024 17:54:33,19 / 25,235334,100,Nursing science,Clinical sciences,44
3/15/2024 17:54:33,24 / 25,237402,200,Medicine and Surgery,Clinical Sciences,38
3/15/2024 17:54:33,18 / 25,236641,100,Statistics ,Science ,58
3/15/2024 17:54:34,21 / 25,235285,100,Medicine and surgery ,Clinical science ,39
3/15/2024 17:54:34,20 / 25,236656,100,Zoology,Science ,45
3/15/2024 17:54:34,14 / 25,237875,100,Mathematics ,Science ,34
3/15/2024 17:54:34,14 / 25,236607,100,Statistics ,Science ,58
3/15/2024 17:54:34,16 / 25,235389,200,Physiotherapy ,Clinical sciences ,53
3/15/2024 17:54:34,18 / 25,235098,100,Human Nutrition and Dietetics ,Public Health ,31
3/15/2024 17:54:35,21 / 25,236251,100,Botany,Science,11
3/15/2024 17:54:35,23 / 25,235242,100L,Medicine and surgery ,Clinical sciences ,39/40
3/15/2024 17:54:35,17 / 25,235227,100 level,Medicine and Surgery ,Clinical sciences ,39/40
3/15/2024 17:54:36,17 / 25,235307,100,Nursing,Clinical Sciences ,43
3/15/2024 17:54:36,23 / 25,235313,100,Nursing ,Clinical sciences ,44
3/15/2024 17:54:36,23 / 25,235138,100,Human Nutrition and Dietetics ,Public health ,30
3/15/2024 17:54:36,21 / 25,236583,100,Physics,Science,49
3/15/2024 17:54:36,14 / 25,236543,100,Physics,Science,49
3/15/2024 17:54:36,21 / 25,236404,100,Geology ,Science,27
3/15/2024 17:54:36,17 / 25,235116,200,Human nutrition and dietetics ,Public health ,31
3/15/2024 17:54:37,19 / 25,235198,100,MEDICINE AND SURGERY ,CLINICAL SCIENCE ,37
3/15/2024 17:54:37,19 / 25,235205,100,Medicine and Surgery ,Clinical science ,38
3/15/2024 17:54:37,18 / 25,235311,200 L,Nursing,Clinical Science,43
3/15/2024 17:54:37,20 / 25,230953,100,Medicine and Surgery ,Clinical sciences ,38
3/15/2024 17:54:37,20 / 25,235115,100L,Human Nutrition ,Public health ,31
3/15/2024 17:54:37,17 / 25,235238,100,Medicine and Surgery,Clinical sciences,37
3/15/2024 17:54:38,17 / 25,237756,100,Human nutrition and dietetics,Public health,30
3/15/2024 17:54:38,18 / 25,235304,100,Nursing,Clinical science,44
3/15/2024 17:54:38,10 / 25,237732,100level,Biochemistry ,Basic medical science ,Group 8
3/15/2024 17:54:38,15 / 25,235035,100,Biochemistry ,Basic Medical Sciences,8
3/15/2024 17:54:39,17 / 25,236561,100,Physics ,Science ,49
3/15/2024 17:54:39,8 / 25,236524,100,Microbiology ,Science ,41
3/15/2024 17:54:40,17 / 25,236553,100,Physics ,Science ,50
3/15/2024 17:54:40,13 / 25,236462,100,MATHEMATICS ,SCIENCE ,35
3/15/2024 17:54:40,17 / 25,235218,200,Medicine and Surgery ,Clinical Sciences ,39
3/15/2024 17:54:41,13 / 25,236266,100,Chemistry,Science,Group 52
3/15/2024 17:54:42,15 / 25,236373,100,Geology ,Science ,27
3/15/2024 17:54:42,17 / 25,237394,100,Human Nutrition and Dietetics ,Public health ,31
3/15/2024 17:54:42,21 / 25,237776,100,Nursing ,Clinical science ,43
3/15/2024 17:54:42,19 / 25,235247,100,Medicine and surgery ,Clinical sciences ,36
3/15/2024 17:54:42,16 / 25,236544,100,Physics ,Science ,50
3/15/2024 17:54:42,18 / 25,235304,100,Nursing,Clinical science,44
3/15/2024 17:54:43,18 / 25,235180,200,Medicine and surgery ,Clinical sciences ,38
3/15/2024 17:54:43,17 / 25,237885,100l,Statistics,Science ,57
3/15/2024 17:54:43,18 / 25,236511,100,Microbiology,Science,41
3/15/2024 17:54:44,14 / 25,235125,200,Human Nutrition and Dietetics ,Public health ,31
3/15/2024 17:54:44,14 / 25,236567,100,Physics,Science,49
3/15/2024 17:54:44,14 / 25,237729,100,Biochemistry ,Basic Medical Sciences ,Group 8
3/15/2024 17:54:44,19 / 25,236586,100,Statistics ,Science ,57
3/15/2024 17:54:44,14 / 25,236605,100,STATISTICS ,SCIENCE ,57
3/15/2024 17:54:45,21 / 25,238264,100,Zoology ,Science ,Group 45
3/15/2024 17:54:45,21 / 25,238022,100,Computer Science ,Sciences ,16
3/15/2024 17:54:45,19 / 25,236289,100,Chemistry ,Science,52
3/15/2024 17:54:45,22 / 25,236357,100,Computer Science ,Science ,Group 16
3/15/2024 17:54:45,16 / 25,236485,100,Microbiology ,Science ,41
3/15/2024 17:54:45,19 / 25,236659,100,Zoology,Science,45
3/15/2024 17:54:45,18 / 25,236410,100,Industrial chemistry,Sciences,31
3/15/2024 17:54:46,15 / 25,236460,100,Mathematics ,Science ,35
3/15/2024 17:54:46,14 / 25,235318,200,NURSING ,CLINICAL SCIENCE ,43
3/15/2024 17:54:46,16 / 25,235055,100,Biochemistry,Basic Medical Science,8
3/15/2024 17:54:46,16 / 25,236611,100,Statistics ,Science ,58
3/15/2024 17:54:46,18 / 25,236336,200,Computer Science ,Science ,Group 16
3/15/2024 17:54:46,16 / 25,236317,200,Computer science ,Science ,17
3/15/2024 17:54:46,19 / 25,236221,100,Botany,Science ,11
3/15/2024 17:54:46,16 / 25,237420,100,Nursing science ,Clinical Science ,43
3/15/2024 17:54:46,20 / 25,235176,100,Medicine and Surgery ,Clinical Sciences ,Ges 101 39/40
3/15/2024 17:54:46,15 / 25,236452,100,Mathematics ,Science ,1
3/15/2024 17:54:47,21 / 25,236348,100,Computer Science,Science,Group 16
3/15/2024 17:54:47,15 / 25,235149,100L,Biomedical Laboratory Science ,Basic Medical Sciences,10
3/15/2024 17:54:47,15 / 25,235120,100,Human nutrition and dietetics ,Public health ,30
3/15/2024 17:54:47,14 / 25,236386,100,Geology ,Science ,27
3/15/2024 17:54:47,18 / 25,235050,100,Biochemistry ,Basic Medical Sciences ,8
3/15/2024 17:54:47,23 / 25,236343,100,Computer Science ,Science ,17
3/15/2024 17:54:47,19 / 25,236606,100L,Statistics ,Science,Group 58
3/15/2024 17:54:48,22 / 25,236379,100,Geology,Science,27
3/15/2024 17:54:48,14 / 25,238019,100,Chemistry,Science,52
3/15/2024 17:54:48,20 / 25,236236,100,Botany ,Science ,11
3/15/2024 17:54:48,14 / 25,236584,100,Physics,Science ,50
3/15/2024 17:54:48,15 / 25,236240,100,Botany,Science ,11
3/15/2024 17:54:48,15 / 25,236383,100,Geology ,Faculty of science ,26
3/15/2024 17:54:48,17 / 25,235129,100,Human Nutrition and Dietetics ,Public Health ,30
3/15/2024 17:54:48,24 / 25,236653,100,Zoology ,Science ,45
3/15/2024 17:54:48,17 / 25,235388,100,Physiotherapy ,Clinical science ,53
3/15/2024 17:54:49,17 / 25,236557,100,Physics ,Science ,50
3/15/2024 17:54:49,19 / 25,236527,100,Microbiology ,Science,42
3/15/2024 17:54:49,17 / 25,236504,100,Microbiology,Science,42
3/15/2024 17:54:49,20 / 25,236319,200,Computer science ,Science ,16
3/15/2024 17:54:49,23 / 25,235268,100,Medicine and Surgery,Clinical Sciences,39/40
3/15/2024 17:54:49,19 / 25,236574,100,Physics,Science ,49
3/15/2024 17:54:49,17 / 25,236433,100,Mathematics,Science,Group 35
3/15/2024 17:54:50,20 / 25,238091,100,Geology,Science,27
3/15/2024 17:54:50,14 / 25,236327,200,COMPUTER SCIENCE ,SCIENCE ,17
3/15/2024 17:54:50,13 / 25,235339,100,Physiology ,Basic medical science ,51
3/15/2024 17:54:50,15 / 25,236473,100,Mathematics ,Science ,1
3/15/2024 17:54:50,11 / 25,238028,100,Statistics ,Science ,57
3/15/2024 17:54:50,17 / 25,236496,100,Microbiology,Science,42
3/15/2024 17:54:50,14 / 25,236615,100,STATISTICS ,SCIENCE ,57
3/15/2024 17:54:51,19 / 25,237780,100,Physiology ,Basic Medical sciences,52
3/15/2024 17:54:51,21 / 25,236642,100,Zoology ,Science ,45
3/15/2024 17:54:51,18 / 25,236517,100,Microbiology ,Science ,42
3/15/2024 17:54:51,17 / 25,236634,200,Statistics,Science,57
3/15/2024 17:54:51,23 / 25,238192,100,Computer science,Science,17
3/15/2024 17:54:52,18 / 25,236318,100lvl,Computer Science ,Science ,16
3/15/2024 17:54:52,22 / 25,235344,100,Physiology,Basic medical sciences,52
3/15/2024 17:54:52,17 / 25,236610,100,Statistics ,Science,58
3/15/2024 17:54:53,21 / 25,238200,100,Microbiology ,Science ,42
3/15/2024 17:54:53,16 / 25,238284,100,Botany ,Science ,11
3/15/2024 17:54:53,17 / 25,236625,100,Statistics ,Science ,Group 58 
3/15/2024 17:54:54,17 / 25,235043,100,Biochemistry ,Basic Medical Sciences ,8
3/15/2024 17:54:54,13 / 25,237396,100,Medical Laboratory Science ,Basic Medical Science ,7
3/15/2024 17:54:54,23 / 25,235235,200,MBBS,BASIC MEDICAL SCIENCE,38
3/15/2024 17:54:54,9 / 25,236513,100,Geology ,Science ,26
3/15/2024 17:54:54,17 / 25,237984,100,Bio Medical Laboratory Science,Basic Medical Sciences,10
3/15/2024 17:54:54,18 / 25,238086,100,Botany,Science,12
3/15/2024 17:54:54,10 / 25,237862,100,Chemistry ,Science,13
3/15/2024 17:54:54,20 / 25,236519,100,Microbiology ,Science ,41
3/15/2024 17:54:55,11 / 25,236347,100,Computer Science,Science,17
3/15/2024 17:54:55,17 / 25,235370,100,Physiology ,BASIC MEDICAL SCIENCE ,52
3/15/2024 17:54:55,16 / 25,235042,100,Biochemistry,Basic medical sciences,8
3/15/2024 17:54:55,22 / 25,235287,100,Medicine and Surgery ,Clinical Sciences ,No 38
3/15/2024 17:54:55,19 / 25,237532,200,Computer science ,Science ,17
3/15/2024 17:54:55,16 / 25,237538,100,Industrial chemistry ,Science ,15
3/15/2024 17:54:55,14 / 25,236360,100,Computer science ,Science ,Group 17
3/15/2024 17:54:55,22 / 25,236325,100,Computer Science,Science,17
3/15/2024 17:54:55,15 / 25,235401,100,Physiotherapy ,Clinical sciences ,53
3/15/2024 17:54:56,11 / 25,235030,100,Biochemistry ,Basic Medical Sciences ,2
3/15/2024 17:54:56,20 / 25,236350,200,COMPUTER SCIENCE,SCIENCE,16
3/15/2024 17:54:56,20 / 25,235024,100 level,Biochemistry ,Basic Medical Sciences ,9
3/15/2024 17:54:56,20 / 25,235264,100,MB;BS,Clinical Sciences,39
3/15/2024 17:54:56,17 / 25,235373,100,PHYSIOLOGY,BASIC MEDICAL SCIENCES,52
3/15/2024 17:54:56,15 / 25,236628,100,Statistics ,Science ,58
3/15/2024 17:54:56,14 / 25,236662,100,Zoology ,Science ,45
3/15/2024 17:54:56,15 / 25,236579,100,Physics,Science ,49
3/15/2024 17:54:56,16 / 25,237864,100,Computer science,Science,17
3/15/2024 17:54:57,21 / 25,235128,100,Human Nutrition and Dietetics ,Public health ,30
3/15/2024 17:54:57,17 / 25,235038,100,Biochemistry,Basic Medical Sciences,9
3/15/2024 17:54:57,19 / 25,235309,100,Nursing science ,Clinical sciences ,44
3/15/2024 17:54:57,14 / 25,236239,100,Botany ,Science ,12
3/15/2024 17:54:57,19 / 25,236512,100,Microbiology,Science,42
3/15/2024 17:54:57,16 / 25,235375,100,Physiology ,Basic medical sciences ,51
3/15/2024 17:54:58,17 / 25,236359,100,Computer science,Science,16
3/15/2024 17:54:58,16 / 25,222602,100,Geology ,Science ,26
3/15/2024 17:54:58,20 / 25,235325,100,Nursing science ,Clinical sciences ,44
3/15/2024 17:54:58,15 / 25,235303,100,Nursing ,Clinical Science ,44
3/15/2024 17:54:59,10 / 25,236211,100,Archaeology and Anthropology ,Science,2
3/15/2024 17:54:59,19 / 25,235253,100,medicine and surgery,clinical sciences,37
3/15/2024 17:54:59,24 / 25,236301,100,Chemistry ,Science ,15
3/15/2024 17:54:59,14 / 25,236411,100,Industrial chemistry,Science ,15
3/15/2024 17:55:00,23 / 25,235189,100,Medicine and Surgery,Clinical sciences,38
3/15/2024 17:55:00,12 / 25,237537,100,Industrial chemistry ,Science ,Grp15
3/15/2024 17:55:00,16 / 25,23511,200,Human Nutrition and Dietetics ,Public health ,31
3/15/2024 17:55:00,22 / 25,230428,100l ,MBBS,Clinical Science ,37
3/15/2024 17:55:01,16 / 25,236523,100,Microbiology ,Science ,41
3/15/2024 17:55:01,11 / 25,236542,100,Physics ,Science ,49
3/15/2024 17:55:02,16 / 25,237734,100,BIOCHEMISTRY ,BASIC MEDICAL SCIENCES ,Group 8
3/15/2024 17:55:02,17 / 25,235114,100,Human Nutrition and Dietetics,Public Health,30
3/15/2024 17:55:02,9 / 25,236338,100,Computer Science ,Science ,16
3/15/2024 17:55:02,20 / 25,236502,100,Microbiology,Science,42
3/15/2024 17:55:02,17 / 25,236396,100,GEOLOGY ,SCIENCE ,27
3/15/2024 17:55:02,18 / 25,237391,100,Human nutrition and dietetics ,Public health,31
3/15/2024 17:55:03,17 / 25,235262,100,MEDICINE AND SURGERY ,CLINICAL SCIENCES ,39/40
3/15/2024 17:55:04,19 / 25,235171,100,Medicine and Surgery,Clinical Sciences,39
3/15/2024 17:55:04,14 / 25,235779,200l,Counseling and Human Development Study ,Education ,Group 19 
3/15/2024 17:55:04,23 / 25,236547,100,Physics,Science,50
3/15/2024 17:55:04,17 / 25,237881,100,Microbiology ,Science ,42
3/15/2024 17:55:04,22 / 25,235319,100,Nursing science,Clinical sciences,44
3/15/2024 17:55:05,22 / 25,236458,100,Mathematics,Science,35
3/15/2024 17:55:05,17 / 25,235391,100,Physiotherapy ,Clinical science ,53
3/15/2024 17:55:05,15 / 25,236447,100,Mathematics ,Science ,34
3/15/2024 17:55:05,16 / 25,236569,100,Physics,Science,49
3/15/2024 17:55:05,9 / 25,235031,100,Biochemistry ,Basic medical science ,8
3/15/2024 17:55:06,17 / 25,236545,100,Physics,Science ,50
3/15/2024 17:55:06,21 / 25,236549,100,Physics ,Science ,50
3/15/2024 17:55:06,21 / 25,236371,100level,GEOLOGY ,SCIENCE,27
3/15/2024 17:55:07,9 / 25,236415,100,Industrial chemistry ,Science ,13
3/15/2024 17:55:07,24 / 25,237542,100,Microbiology ,Science ,42
3/15/2024 17:55:08,21 / 25,237368,100,Biochemistry,Basic medical sciences,8
3/15/2024 17:55:08,18 / 25,236474,100,Mathematics ,Science,35
3/15/2024 17:55:08,16 / 25,237982,100,Biochemistry,Basic Medical Science,Group 8
3/15/2024 17:55:09,18 / 25,236290,100,Chemistry ,Science ,52
3/15/2024 17:55:10,15 / 25,236664,100,Zoology,Science,45
3/15/2024 17:55:10,19 / 25,235135,100,Human Nutrition and Dietetics,Public Health,30
3/15/2024 17:55:12,21 / 25,235322,100 level,Nursing science ,Clinical science ,44
3/15/2024 17:55:12,14 / 25,238202,100,Microbiology ,Science ,41
3/15/2024 17:55:12,19 / 25,235299,100,Nursing Science,Clinical Sciences,44
3/15/2024 17:55:12,12 / 25,236563,100,Physics ,Science ,49
3/15/2024 17:55:13,18 / 25,236577,100,Physics,Science ,50
3/15/2024 17:55:13,18 / 25,235161,100,Biomedical Laboratory Science ,Basic Medical Sciences ,10
3/15/2024 17:55:13,21 / 25,238093,100,Physics ,Science ,50
3/15/2024 17:55:14,21 / 25,235298,100,Nursing Science ,Clinical Sciences,44
3/15/2024 17:55:14,18 / 25,237381,100,Environmental Health Science,Public Health,25
3/15/2024 17:55:14,15 / 25,238092,100,Physics ,Science ,49
3/15/2024 17:55:15,17 / 25,235041,100,Biochemistry ,Basic Maedical Science,8
3/15/2024 17:55:15,21 / 25,235279,100,Medicine and Surgery ,Clinical Sciences ,Group 37
3/15/2024 17:55:15,17 / 25,235158,100,BIOMEDICAL LABORATORY SCIENCE ,BASIC MEDICAL SCIENCE ,10
3/15/2024 17:55:15,15 / 25,236295,100,Chemistry,Science,13
3/15/2024 17:55:15,13 / 25,236649,100,Zoology ,Science ,42l
3/15/2024 17:55:16,20 / 25,213221,100,Medicine and surgery ,Clinical science ,39
3/15/2024 17:55:16,22 / 25,236495,100,Microbiology ,Science ,Group 42
3/15/2024 17:55:16,12 / 25,236455,100,Mathematics,Science,1
3/15/2024 17:55:17,14 / 25,236363,100,Computer science ,Science ,17
3/15/2024 17:55:17,20 / 25,235101,100,Human Nutrition and Dietetics ,Public Health ,Group 31
3/15/2024 17:55:17,20 / 25,238138,100,Biochemistry ,Basic Medical Science ,9
3/15/2024 17:55:18,16 / 25,236486,100,Microbiology ,Science,41
3/15/2024 17:55:18,19 / 25,230848,100,Industrial chemistry,Science,52
3/15/2024 17:55:18,19 / 25,236365,200,Computer Science,Science,17
3/15/2024 17:55:18,21 / 25,236599,100l,Statistics ,Science ,58
3/15/2024 17:55:19,11 / 25,235130,100,Human nutrition and dietetics ,Public health ,30
3/15/2024 17:55:19,22 / 25,235230,100,MBBS,CLINICAL SCIENCES,36
3/15/2024 17:55:19,19 / 25,237377,100lv,Environmental health science,Public health,25
3/15/2024 17:55:19,15 / 25,235028,100,Biochemistry,Basic medical science,8
3/15/2024 17:55:20,19 / 25,236264,100,Chemistry ,Science ,13
3/15/2024 17:55:21,17 / 25,236262,100,Chemistry ,Science ,15
3/15/2024 17:55:21,23 / 25,235032,100,Biochemistry ,Basic Medical Science ,8
3/15/2024 17:55:21,14 / 25,236270,100,Chemistry,Science,13
3/15/2024 17:55:22,14 / 25,236362,200,Computer Science ,Science ,16
3/15/2024 17:55:22,12 / 25,236630,100,Statistics ,Science ,58
3/15/2024 17:55:23,11 / 25,237883,100,Physics,Science,49
3/15/2024 17:55:24,18 / 25,236566,100,Physics ,Science ,49
3/15/2024 17:55:24,16 / 25,236635,100level,Statistics ,Science ,57
3/15/2024 17:55:24,14 / 25,235090,100,Environmental Health Sciences ,Public health ,25
3/15/2024 17:55:25,16 / 25,236470,100 level,Mathematics department ,Science ,35
3/15/2024 17:55:25,15 / 25,236456,100,Mathematics ,Science ,35
3/15/2024 17:55:25,16 / 25,237870,100,Industrial chemistry ,Science ,52
3/15/2024 17:55:25,14 / 25,235229,100,Medicine and Surgery,Clinical Sciences,39
3/15/2024 17:55:25,19 / 25,237780,100,Physiology ,Basic Medical sciences,52
3/15/2024 17:55:26,20 / 25,236619,100,Statistics,Science,57
3/15/2024 17:55:26,17 / 25,237529,100,Chemistry ,Science ,52
3/15/2024 17:55:27,13 / 25,236434,100,Mathematics ,Science ,Number 1
3/15/2024 17:55:28,20 / 25,235095,100,ENVIRONMENTAL HEALTH SCIENCE ,PUBLIC HEALTH ,25
3/15/2024 17:55:28,19 / 25,237550,100,Zoology ,Science ,45
3/15/2024 17:55:28,23 / 25,235208,100l,Medicine and Surgery ,Clinical Science ,36
3/15/2024 17:55:29,13 / 25,236520,100,Microbiology ,Science,42
3/15/2024 17:55:29,17 / 25,237743,100,ENVIRONMENTAL HEALTH SCIENCE ,PUBLIC HEALTH ,25
3/15/2024 17:55:29,15 / 25,236633,100,STATISTICS,SCIENCE,58
3/15/2024 17:55:30,20 / 25,238094,100,Zoology,Science ,45
3/15/2024 17:55:30,21 / 25,236299,100,Chemistry ,Science ,52
3/15/2024 17:55:30,18 / 25,236601,100,Statistics ,Science ,58
3/15/2024 17:55:31,17 / 25,236638,200,Statistics,Science ,57
3/15/2024 17:55:31,16 / 25,236654,100,Zoology ,Science ,45
3/15/2024 17:55:31,10 / 25,236296,100,Chemistry ,Science ,52
3/15/2024 17:55:31,21 / 25,237530,100,Chemistry ,Science ,15
3/15/2024 17:55:31,13 / 25,238139,100,Biomedical Laboratory Science,Basic Medical science,10
3/15/2024 17:55:32,19 / 25,235362,100l,Physiology ,Basic medical science ,51
3/15/2024 17:55:32,20 / 25,236309,100,Chemistry ,Science,15
3/15/2024 17:55:32,12 / 25,237879,100,Microbiology ,Science ,42
3/15/2024 17:55:33,21 / 25,236477,100,Mathematics ,Science ,35
3/15/2024 17:55:33,19 / 25,236427,100,Chemistry ,Science ,13
3/15/2024 17:55:33,23 / 25,236275,100,Chemistry ,Science ,15
3/15/2024 17:55:33,21 / 25,236342,100,Computer Science ,Science ,16
3/15/2024 17:55:35,16 / 25,237390,100,Human nutrition and dietetics ,Public health ,30
3/15/2024 17:55:35,16 / 25,236389,100,Geology,Science,27
3/15/2024 17:55:35,12 / 25,215143,100,Chemistry,Science,15
3/15/2024 17:55:35,19 / 25,235324,100,Nursing ,Clinical Science ,43
3/15/2024 17:55:36,18 / 25,235093,100,ENVIRONMENTAL HEALTH SCIENCE,PUBLIC HEALTH,25
3/15/2024 17:55:36,17 / 25,236280,100,Chemistry,Science,52
3/15/2024 17:55:36,6 / 25,236472,100,Mathematics,Science ,35
3/15/2024 17:55:37,19 / 25,235159,100,Biomedical Laboratory Science ,Basic Medical Sciences,10
3/15/2024 17:55:37,20 / 25,236637,100,Statistics ,Science ,57
3/15/2024 17:55:37,22 / 25,236632,100,Statistics ,Science ,57
3/15/2024 17:55:37,16 / 25,236387,100,GEOLOGY ,SCIENCE ,26
3/15/2024 17:55:38,19 / 25,235275,100,Medicine and Surgery ,Clinical Sciences ,37
3/15/2024 17:55:38,19 / 25,236538,100,Physics ,Science ,50
3/15/2024 17:55:39,21 / 25,237856,100,Botany ,Science ,12
3/15/2024 17:55:39,15 / 25,237769,100,Medicine and Surgery ,Clinical science ,36
3/15/2024 17:55:41,19 / 25,235087,100,Environmental Health Sciences ,Public Health ,25
3/15/2024 17:55:41,14 / 25,236323,100,Computer science,Science,17
3/15/2024 17:55:41,11 / 25,236228,100,Botany,Science ,11
3/15/2024 17:55:42,16 / 25,236235,100,Botany,Science ,11
3/15/2024 17:55:42,18 / 25,238067,100,Department ,Basic Medical Sciences ,51
3/15/2024 17:55:42,19 / 25,236541,100,Physics ,Science ,50
3/15/2024 17:55:43,8 / 25,236402,100,Geology ,Science ,26
3/15/2024 17:55:44,19 / 25,236562,100,Physics,Science,49
3/15/2024 17:55:45,19 / 25,236575,100,Physics ,Sciences,50
3/15/2024 17:55:45,20 / 25,236337,100,computer science,science,17
3/15/2024 17:55:45,16 / 25,191993,400,Chemistry,Science ,52
3/15/2024 17:55:49,16 / 25,236590,100,Statistics ,Science ,58
3/15/2024 17:55:49,18 / 25,238089,100,Chemistry ,Science,15
3/15/2024 17:55:49,14 / 25,236344,100L,Computer Science ,Science ,16
3/15/2024 17:55:49,15 / 25,238203,100,Microbiology,Science,41
3/15/2024 17:55:50,18 / 25,236407,100,Industrial Chemistry ,Sciemce,13
3/15/2024 17:55:50,16 / 25,236507,100,Microbiology ,Science ,41
3/15/2024 17:55:51,17 / 25,237423,100,Physiology ,Basic medical science ,51
3/15/2024 17:55:51,14 / 25,238026,100,Geology ,Science ,26
3/15/2024 17:55:51,13 / 25,236640,100L,Statistics ,Science ,57
3/15/2024 17:55:51,21 / 25,235188,100,Medicine and Surgery ,Clinical Sciences ,39/40
3/15/2024 17:55:52,19 / 25,236393,100,Geology,Science,26
3/15/2024 17:55:52,14 / 25,237728,100,Biochemistry ,Basic Medical Sciences ,Group 9 
3/15/2024 17:55:52,15 / 25,MIRACLE,100,ZOOLOGY,SCIENCE,45
3/15/2024 17:55:53,20 / 25,235147,100,Biomedical laboratory science ,Basic Medical Sciences ,7
3/15/2024 17:55:53,14 / 25,237876,100 level,Mathematics ,Science ,35
3/15/2024 17:55:54,17 / 25,236494,100,Microbiology ,Science ,42
3/15/2024 17:55:54,15 / 25,236300,100,Chemistry ,Science ,Group 1
3/15/2024 17:55:54,19 / 25,235186,100,Medicine And Surgery,Clinical Science,39
3/15/2024 17:55:55,14 / 25,236521,100,Microbiology ,Science ,41
3/15/2024 17:55:55,9 / 25,236560,200,Physics,Science,49
3/15/2024 17:55:57,20 / 25,237985,100l,Physiology ,BAMSSA ,52
3/15/2024 17:55:57,24 / 25,235296,100,MBBS,Clinical sciences,39/40
3/15/2024 17:55:58,17 / 25,237415,100,Medicine and Surgery,Clinical Sciences,36
3/15/2024 17:55:58,18 / 25,237389,200,Human Nutrition and Dietetics ,Public health ,31
3/15/2024 17:55:58,16 / 25,236418,100,Industrial chemistry ,Science ,13
3/15/2024 17:55:59,16 / 25,237541,100 level,Mathematics ,Science ,Group 34
3/15/2024 17:55:59,17 / 25,235226,200,Medicine and surgery ,Clinical science ,1
3/15/2024 17:55:59,18 / 25,236528,100,Microbiology ,Science ,42
3/15/2024 17:56:00,17 / 25,237741,100,Environmental Health Sciences ,Public health ,25
3/15/2024 17:56:00,14 / 25,236623,100,Statistics ,Science ,58
3/15/2024 17:56:00,15 / 25,238024,200,Computer Science ,Science ,16
3/15/2024 17:56:00,14 / 25,236220,100,Botany ,Science ,12
3/15/2024 17:56:00,14 / 25,236655,100,Zoology ,Science ,45
3/15/2024 17:56:00,25 / 25,235248,100 LEVEL,MEDICINE AND SURGERY,CLINICAL SCIENCES,39/40
3/15/2024 17:56:01,6 / 25,236617,100,Statistics ,Science ,57
3/15/2024 17:56:02,17 / 25,237735,100,Biochemistry,Basic medical sciences,9
3/15/2024 17:56:02,19 / 25,237749,100,ENVIRONMENTAL HEALTH SCIENCE ,PUBLIC HEALTH ,25
3/15/2024 17:56:02,20 / 25,237426,100,Physiology ,Basic Medical Sciences ,51
3/15/2024 17:56:02,15 / 25,235340,100,Physiology ,Basic medical science ,51
3/15/2024 17:56:02,21 / 25,237425,100,Physiology ,Basic Medical Sciences ,51
3/15/2024 17:56:02,21 / 25,236428,100,Chemistry ,Science ,52
3/15/2024 17:56:03,15 / 25,236268,100,Chemistry ,Science ,15
3/15/2024 17:56:03,20 / 25,236509,100,Microbiology ,Science ,42
3/15/2024 17:56:04,12 / 25,236267,100,Chemistry ,Sciences ,15
3/15/2024 17:56:05,12 / 25,236420,100,INDUSTRIAL CHEMISTRY ,SCIENCE ,52
3/15/2024 17:56:06,12 / 25,236568,100,Physics,Science,50
3/15/2024 17:56:06,8 / 25,236366,200 DE,Computer Science,Science,16
3/15/2024 17:56:06,17 / 25,236426,100,Industrial Chemistry ,Science ,13
3/15/2024 17:56:07,18 / 25,235371,100,Physiology ,Basic medical science ,51
3/15/2024 17:56:08,17 / 25,236328,100,Computer Science,Science,17
3/15/2024 17:56:09,15 / 25,236303,100,Chemistry,Science,1
3/15/2024 17:56:11,23 / 25,235286,100,Medicine and Surgery ,Clinical sciences ,39/40
3/15/2024 17:56:11,12 / 25,236302,100,Chemistry,Science,15
3/15/2024 17:56:12,9 / 25,235049,100,Biochemistry ,Basic medical sciences,9
3/15/2024 17:56:13,19 / 25,236421,100,Industrial chemistry ,Science ,13
3/15/2024 17:56:14,15 / 25,236439,100,Mathematics,Science,35
3/15/2024 17:56:15,18 / 25,235199,100,Medicine and Surgery,Clinical Sciences,36
3/15/2024 17:56:15,15 / 25,236278,100,Chemistry ,Science ,15
3/15/2024 17:56:16,20 / 25,235036,100,Biochemistry ,Basic medical sciences ,Group 9
3/15/2024 17:56:17,16 / 25,236612,100,Statistics ,Science ,58
3/15/2024 17:56:18,15 / 25,235085,100,ENVIRONMENTAL  HEALTH  SCIENCE ,PUBLIC  HEALTH ,25
3/15/2024 17:56:19,17 / 25,235100,100,Human nutrition and dietetics ,Public health ,30
3/15/2024 17:56:19,7 / 25,238193,100,Geology ,Science ,26
3/15/2024 17:56:20,18 / 25,235297,100,Nursing Science ,Clinical Sciences ,44
3/15/2024 17:56:20,21 / 25,235341,100l,Physiology,Basic medical science,Group 51
3/15/2024 17:56:20,20 / 25,235331,100,Nursing ,Clinical Science ,43
3/15/2024 17:56:22,11 / 25,236384,100,Chemistry,Science,15
3/15/2024 17:56:23,21 / 25,235091,100,Environmental health science ,Public health ,25
3/15/2024 17:56:23,21 / 25,235260,100,MBBS,Clinical Sciences,38
3/15/2024 17:56:24,16 / 25,235379,100,Physiology ,Basic medical sciences ,2
3/15/2024 17:56:25,13 / 25,235096,100,Environmental Health Science ,Public Health ,25
3/15/2024 17:56:25,24 / 25,237428,100,PHYSIOLOGY ,BASIC MEDICAL SCIENCES ,51
3/15/2024 17:56:26,13 / 25,237873,100,Industrial chemistry ,Science ,13
3/15/2024 17:56:26,18 / 25,237742,100,Environmental health sciences,Public health,25
3/15/2024 17:56:26,24 / 25,235263,100,Medicine and Surgery ,Clinical Sciences ,39/40
3/15/2024 17:56:27,16 / 25,236320,100,Computer science ,Science ,16
3/15/2024 17:56:28,20 / 25,238017,100,Botany ,Science ,12
3/15/2024 17:56:28,15 / 25,236597,100,Statistics ,Science,57
3/15/2024 17:56:28,21 / 25,235191,100,Medicine and Surgery,Clinical Sciences,39
3/15/2024 17:56:28,13 / 25,157307,100,Medicine and surgery,Clinical Sciences,36
3/15/2024 17:56:29,7 / 25,236281,100l,Chemistry ,Science ,13
3/15/2024 17:56:29,17 / 25,235020,100l,Biochemistry ,Basic medical sciences ,8
3/15/2024 17:56:29,20 / 25,235094,100,Environmental health science,Public health,25
3/15/2024 17:56:29,10 / 25,236435,100,MATHEMATICS ,SCIENCE ,35
3/15/2024 17:56:30,19 / 25,236422,100,Industrial Chemistry,Science,13
3/15/2024 17:56:31,23 / 25,235210,100l,Medicine and Surgery ,Clinical sciences ,36
3/15/2024 17:56:31,12 / 25,237421,100,Nursing ,Clinical science ,44
3/15/2024 17:56:31,21 / 25,236423,100,Industrial Chemistry ,Science ,13
3/15/2024 17:56:31,19 / 25,237437,100,Physiotherapy ,Clinical science ,53
3/15/2024 17:56:32,14 / 25,237748,100,Environmental Health Science ,Public health ,25
3/15/2024 17:56:33,21 / 25,235301,100,Nursing Science ,Clinical Science ,44
3/15/2024 17:56:34,15 / 25,237777,100L,Physiology ,Basic medical Sciences ,Group 51
3/15/2024 17:56:35,22 / 25,235224,100,Medicine and surgery,Clinical sciences,37
3/15/2024 17:56:35,19 / 25,235314,100 level ,Nursing science ,Clinical science ,44
3/15/2024 17:56:35,10 / 25,235029,100,Biochemistry ,Basic medical sciences ,Group 2
3/15/2024 17:56:36,20 / 25,236293,100,Chemistry ,Science ,52
3/15/2024 17:56:36,19 / 25,237384,100,Environmental health science,Public Health,25
3/15/2024 17:56:36,14 / 25,237745,100,ENVIRONMENTAL HEALTH SCIENCE ,PUBLIC HEALTH ,25
3/15/2024 17:56:37,13 / 25,236594,100,Statistics ,Science,58
3/15/2024 17:56:37,13 / 25,236471,100,Mathematics ,Science ,35
3/15/2024 17:56:37,13 / 25,236249,100,Botany,Science,Group 11
3/15/2024 17:56:38,15 / 25,236274,100,Chemistry ,Science ,1
3/15/2024 17:56:38,18 / 25,235294,100 Level,MBBS,Clinical science ,36
3/15/2024 17:56:40,20 / 25,238183,100,Botany ,Science ,12
3/15/2024 17:56:40,13 / 25,236604,100,Statistics ,Science ,58
3/15/2024 17:56:41,12 / 25,237787,100,Physiology,Basic Medical Sciences,51
3/15/2024 17:56:41,22 / 25,236530,100,Microbiology,sciences,41
3/15/2024 17:56:41,10 / 25,235037,100,Biochemistry ,Basic medical science ,8
3/15/2024 17:56:42,20 / 25,235377,100,Physiology ,Basic Medical Sciences ,51
3/15/2024 17:56:42,20 / 25,235273,100,MEDICINE AND SURGERY,Clinical Sciences,39/40
3/15/2024 17:56:43,20 / 25,236663,100,Zoology ,Science ,45
3/15/2024 17:56:43,13 / 25,237877,200,Microbiology,Science,42
3/15/2024 17:56:43,17 / 25,236516,100,Microbiology ,Science ,42
3/15/2024 17:56:43,21 / 25,235382,100,Physiotherapy,Clinical sciences,53
3/15/2024 17:56:44,19 / 25,235385,100,PHYSIOTHERAPY ,CLINICAL SCIENCES,53
3/15/2024 17:56:45,18 / 25,237404,100,Medicine and Surgery,Clinical Sciences,37
3/15/2024 17:56:45,19 / 25,235202,100,Medicine and surgery,Clinical sciences,38
3/15/2024 17:56:45,14 / 25,235386,200,Physiotherapy ,Clinical Sciences,53
3/15/2024 17:56:46,19 / 25,236565,100lvl,Phy,Sciences,50
3/15/2024 17:56:46,15 / 25,235241,100,Medicine and Surgery ,Clinical science ,39/40
3/15/2024 17:56:46,19 / 25,237780,100,Physiology ,Basic Medical sciences,52
3/15/2024 17:56:47,20 / 25,235181,100level,Medicine and surgery ,Clinical Sciences ,38
3/15/2024 17:56:47,19 / 25,236292,100,Chemistry ,Science ,13
3/15/2024 17:56:47,16 / 25,235172,100,Medicine and surgery ,Clinical sciences,38
3/15/2024 17:56:50,16 / 25,235365,100,Physiology ,Basic Medical Sciences ,51
3/15/2024 17:56:52,21 / 25,235088,100,Environmental Health Science ,Public Health ,25
3/15/2024 17:56:54,19 / 25,236399,100,Geology,Science,27
3/15/2024 17:56:54,19 / 25,237436,100,Physiotherapy ,Clinical sciences ,53
3/15/2024 17:56:55,15 / 25,237380,200,Environmental health science,Public Health,25
3/15/2024 17:56:56,22 / 25,236572,100,Physics ,Science ,49
3/15/2024 17:56:57,18 / 25,236285,100,Chemistry ,Science ,13
3/15/2024 17:56:57,11 / 25,238261,100,Industrial Chemistry ,Science ,13
3/15/2024 17:56:59,19 / 25,235025,100,Chemistry,Science,13
3/15/2024 17:57:02,16 / 25,235133,100,Human Nutrition and dietetics ,Public health ,30
3/15/2024 17:57:02,15 / 25,237766,100,Medicine and Surgery ,College of medicine ,39
3/15/2024 17:57:03,24 / 25,235284,100,MBBS,Clinical science ,36
3/15/2024 17:57:04,19 / 25,238020,100level,Industrial chemistry ,Science ,15
3/15/2024 17:57:06,23 / 25,235250,100 Level,Medicine and Surgery ,Clinical Sciences ,39/40
3/15/2024 17:57:08,14 / 25,237371,100,biochemistry,basic medical science,1
3/15/2024 17:57:09,18 / 25,236537,100,Physics,Science ,49
3/15/2024 17:57:09,23 / 25,235259,100,Medicine and Surgery,Clinical Science,39/40
3/15/2024 17:57:10,17 / 25,235281,100,Medicine and Surgery ,Clinical sciences ,36
3/15/2024 17:57:10,15 / 25,236400,100,Geology ,Science ,27
3/15/2024 17:57:10,19 / 25,236277,100l,Chemistry ,Sciences ,15
3/15/2024 17:57:11,11 / 25,235364,100,Physiology ,Basic medical science ,51
3/15/2024 17:57:11,19 / 25,237382,100,Environmental Health Science ,Public health ,25
3/15/2024 17:57:11,16 / 25,237534,100,Geology ,Science ,26
3/15/2024 17:57:14,16 / 25,237379,100,Environmental Health Science ,Public Health ,25
3/15/2024 17:57:16,22 / 25,237378,100,Environmental health science ,Public Health ,25
3/15/2024 17:57:18,20 / 25,235356,100 level,Physiology ,Basic Medical Sciences ,51
3/15/2024 17:57:18,12 / 25,237747,100,Environmental Health Science ,Public Health ,25
3/15/2024 17:57:18,21 / 25,235252,100 Level,Medicine and surgery,Clinical sciences,39/40
3/15/2024 17:57:18,14 / 25,236643,100,Zoology ,Science ,45
3/15/2024 17:57:19,11 / 25,238066,,Physiology ,Basic medical science ,51
3/15/2024 17:57:20,20 / 25,235216,100 level ,Medicine and Surgery ,Clinical Sciences ,39
3/15/2024 17:57:21,9 / 25,236558,100,Physics ,Science ,49
3/15/2024 17:57:22,17 / 25,236442,100,Mathematics,Science,34
3/15/2024 17:57:23,18 / 25,236261,100,Chemistry,Science,15
3/15/2024 17:57:24,16 / 25,235310,Nursing ,Nursing science ,Clinical science ,43
3/15/2024 17:57:25,15 / 25,237543,100,Microbiology ,Science ,42
3/15/2024 17:57:26,13 / 25,236250,100,BOTANY,SCIENCE,12
3/15/2024 17:57:26,16 / 25,237409,100,Medicine and surgery ,Clinical science ,39/40
3/15/2024 17:57:27,19 / 25,235097,100,Human Nutrition and Dietetics ,Public health ,30
3/15/2024 17:57:29,16 / 25,237367,100,Biochemistry ,College of Medicine ,Group 9
3/15/2024 17:57:31,19 / 25,237432,100 level,Physiology ,Basic medical sciences ,Group 51
3/15/2024 17:57:31,12 / 25,237789,100,Physiology,Basic medical science,51
3/15/2024 17:57:32,13 / 25,235083,100,Environmental health science ,Public health ,25
3/15/2024 17:57:33,17 / 25,235374,100,Physiology ,Basic medical sciences ,51
3/15/2024 17:57:36,12 / 25,237768,200,Medicine and Surgery ,Clinical Sciences ,39
3/15/2024 17:57:38,12 / 25,237746,100,Environmental health science ,Public health ,25
3/15/2024 17:57:39,19 / 25,235353,100,Physiology,Basic Medical Sciences ,51
3/15/2024 17:57:41,13 / 25,236551,100,Physics,Sciences,50
3/15/2024 17:57:41,16 / 25,238186,100,Chemistry ,Science ,15
3/15/2024 17:57:43,24 / 25,236282,100,Chemistry ,Science ,13
3/15/2024 17:57:43,11 / 25,235381,100,Physiotherapy ,Clinical Sciences ,53
3/15/2024 17:57:45,14 / 25,236498,100,Microbiology ,Science ,41
3/15/2024 17:57:47,13 / 25,235398,100,Physiotherapy,Clinical Sciences,53
3/15/2024 17:57:47,23 / 25,235326,100,Nursing Science ,Clinical Sciences ,44
3/15/2024 17:57:48,19 / 25,236533,100,Microbiology,Science,Group 42
3/15/2024 17:57:48,18 / 25,235203,100,Medicine and surgery,Clinical science,39
3/15/2024 17:57:49,21 / 25,237545,100,physics ,science ,50
3/15/2024 17:57:49,17 / 25,236419,100,Industrial chemistry ,Science ,13
3/15/2024 17:57:50,9 / 25,236395,100,Geology ,Science ,26
3/15/2024 17:57:51,17 / 25,237778,100L,Physiology ,Basic medical science ,GES 1010 physiology Group 51 
3/15/2024 17:57:52,9 / 25,236505,100,Microbiology ,Science ,41
3/15/2024 17:57:52,11 / 25,236651,100,Zoology ,Science ,45
3/15/2024 17:57:54,15 / 25,220710,100,Medicine and surgery,Clinical Science,36
3/15/2024 17:57:55,16 / 25,235170,100,MBBS,Clinical science ,36
3/15/2024 17:57:56,16 / 25,235052,100,biochemistry,Basic Medical science,Group 2
3/15/2024 17:57:56,12 / 25,236430,100,Mathematics,Science ,34
3/15/2024 17:57:57,20 / 25,235223,100,Medicine and Surgery ,Clinical Sciences ,39/40
3/15/2024 17:57:57,18 / 25,238188,100,Computer Science ,Science ,16
3/15/2024 17:57:58,10 / 25,236666,100,Zoology ,Science ,Group 45
3/15/2024 17:57:59,16 / 25,236382,100,Geology ,Science ,Number 26
3/15/2024 17:57:59,16 / 25,236253,100,Botany,Science,12
3/15/2024 17:57:59,17 / 25,237372,100,Biochemistry ,Basic medical Sciences ,Group 9
3/15/2024 17:58:02,18 / 25,235047,100,Biochemistry,Basic medical sciences,Group 9
3/15/2024 17:58:05,15 / 25,236550,100,Physics ,Science ,50
3/15/2024 17:58:06,9 / 25,236413,100,Industrial Chemistry,Science,52
3/15/2024 17:58:07,21 / 25,235174,100 level,Medicine and surgery,Clinical science,39/40
3/15/2024 17:58:09,19 / 25,237872,100L,Industrial chemistry,Science,13
3/15/2024 17:58:10,19 / 25,237403,100,Medicine and Surgery ,Clinical Sciences ,39/40
3/15/2024 17:58:11,17 / 25,235169,100,Medicine and surgery,Clinical sciences,36
3/15/2024 17:58:12,13 / 25,235342,100,Physiology ,Basic medical sciences ,Group 51
3/15/2024 17:58:13,15 / 25,235289,100,Medicine and Surgery ,Clinical sciences ,36
3/15/2024 17:58:15,12 / 25,236390,100,Geology ,Science ,26
3/15/2024 17:58:22,16 / 25,235057,100,Biochemistry,Basic Medical Sciences,Group 2
3/15/2024 17:58:22,17 / 25,236406,200,Geology ,Science ,26
3/15/2024 17:58:24,17 / 25,237784,100,Physiology,Basic medical sciences,51
3/15/2024 17:58:26,15 / 25,231132,100,Physics ,Science ,49
3/15/2024 17:58:26,18 / 25,235288,100,Medicine and Surgery ,Clinical Sciences ,39/40
3/15/2024 17:58:29,19 / 25,236405,100,Geology,Science,26
3/15/2024 17:58:30,24 / 25,235233,100,Medicine and Surgery ,Clinical Science ,36
3/15/2024 17:58:33,19 / 25,235333,100,Nursing ,Clinical science ,44
3/15/2024 17:58:36,14 / 25,236424,100,Chemistry ,Science ,13
3/15/2024 17:58:39,13 / 25,236510,100,Microbiology ,Science ,41
3/15/2024 17:58:42,13 / 25,236437,100,Mathematics,Science,35
3/15/2024 17:58:43,14 / 25,236260,100,Botany ,Science ,12
3/15/2024 17:58:43,20 / 25,237414,100,MBBS ,Clinical Science ,39
3/15/2024 17:58:44,19 / 25,235267,200,Medicine and surgery,Clinical sciences,38
3/15/2024 17:58:45,15 / 25,235345,100,Physiology ,Basic medical science ,51
3/15/2024 17:58:45,15 / 25,236493,100,Microbiology,Science,42
3/15/2024 17:58:46,19 / 25,235040,100,Biochemistry ,Basic Medical Sciences ,Group 2
3/15/2024 17:58:48,9 / 25,237779,100L,PHYSIOLOGY,Basic Medical Sciences,52
3/15/2024 17:58:49,15 / 25,236384,100,Geology ,Science ,26
3/15/2024 17:58:51,22 / 25,235201,100,Medicine and Surgery ,Clinical sciences,39
3/15/2024 17:58:51,13 / 25,237528,100,BOTANY,SCIENCE,12
3/15/2024 17:58:52,13 / 25,235026,100 level,Biochemistry ,Basic Medical Sciences ,Group 8
3/15/2024 17:58:57,20 / 25,238181,100,Human nutrition and dietetics ,Public health ,31
3/15/2024 17:58:57,16 / 25,235185,100,Medicine and surgery ,Clinical science ,39
3/15/2024 17:58:58,8 / 25,236524,100,Microbiology ,Science ,41
3/15/2024 17:58:58,21 / 25,236259,100,Botany ,Science ,12
3/15/2024 17:58:58,17 / 25,236519,100,Microbiology ,Science ,41
3/15/2024 17:58:58,15 / 25,236287,100,Chemistry ,Science ,3
3/15/2024 17:58:59,24 / 25,236552,100,Physics ,Science ,49
3/15/2024 17:59:00,17 / 25,238189,100,Computer Science,Science,17
3/15/2024 17:59:01,17 / 25,235173,100,Medicine and surgery ,Clinical science ,39
3/15/2024 17:59:03,23 / 25,235265,100,Medicine and Surgery ,Clinical Sciences ,39
3/15/2024 17:59:04,18 / 25,235058,100,Biochemistry ,BMS,Group 8 
3/15/2024 17:59:09,17 / 25,238190,100,Computer Science ,Science ,16
3/15/2024 17:59:09,21 / 25,237413,100 level,Medicine and Surgery ,Clinical Sciences ,39
3/15/2024 17:59:09,25 / 25,237406,100,Medicine and surgery ,Clinical sciences ,36
3/15/2024 17:59:10,21 / 25,235258,100,Medicine and Surgery ,Clinical Sciences ,36
3/15/2024 17:59:11,9 / 25,237535,100,Geology ,Science ,26
3/15/2024 17:59:11,9 / 25,236582,100,Physics ,Science,49
3/15/2024 17:59:14,15 / 25,236457,100,Mathematics ,Science ,Group 34
3/15/2024 17:59:15,11 / 25,236246,100,Botany ,Science ,12
3/15/2024 17:59:16,13 / 25,236487,100,Microbiology ,Science,41
3/15/2024 17:59:22,8 / 25,238204,100,Physics,Science,49
3/15/2024 17:59:33,18 / 25,237400,100,Medicine and Surgery ,Clinical sciences ,39/40
3/15/2024 17:59:35,15 / 25,236254,100,Botany ,Science ,12
3/15/2024 17:59:38,19 / 25,236288,100,Chemistry ,Faculty ,13
3/15/2024 17:59:40,20 / 25,236257,100,Botany,Science ,12
,,,,,,
